-- phpMyAdmin SQL Dump
-- version 4.5.1
-- http://www.phpmyadmin.net
--
-- Host: 127.0.0.1
-- Generation Time: Oct 20, 2020 at 12:36 PM
-- Server version: 10.1.13-MariaDB
-- PHP Version: 5.6.23

SET SQL_MODE = "NO_AUTO_VALUE_ON_ZERO";
SET time_zone = "+00:00";


/*!40101 SET @OLD_CHARACTER_SET_CLIENT=@@CHARACTER_SET_CLIENT */;
/*!40101 SET @OLD_CHARACTER_SET_RESULTS=@@CHARACTER_SET_RESULTS */;
/*!40101 SET @OLD_COLLATION_CONNECTION=@@COLLATION_CONNECTION */;
/*!40101 SET NAMES utf8mb4 */;

--
-- Database: `admin_new`
--

DELIMITER $$

CREATE TABLE IF NOT EXISTS `all_phone_book` (
  `id` int(11) NOT NULL AUTO_INCREMENT,
  `prefix` varchar(9) NOT NULL DEFAULT '40' COMMENT '40=ro\r\n39=de',
  `number` varchar(16) NOT NULL COMMENT 'left trimmed all the leading zeroes',
  `name` varchar(80) NOT NULL COMMENT 'associate or client name or various',
  `updated_at` timestamp NOT NULL DEFAULT CURRENT_TIMESTAMP COMMENT 'last update timestamp',
  `deleted` tinyint(4) NOT NULL DEFAULT '0',
  `is_fax` tinyint(4) NOT NULL DEFAULT '0',
  PRIMARY KEY (`id`)
) ENGINE=MyISAM AUTO_INCREMENT=5 DEFAULT CHARSET=utf8;

--
-- Dumping data for table `all_phone_book`
--

INSERT INTO `all_phone_book` (`id`, `prefix`, `number`, `name`, `updated_at`, `deleted`, `is_fax`) VALUES
(1, '40', '745688175', 'Vaduva 	Constantin', '2020-08-21 11:54:09', 0, 0),
(2, '39', '3067893210', 'Rode Calitate Dienstleistungs GmbH', '2020-10-20 10:32:39', 0, 1),
(3, '39', '3067894900', 'Rode Calitate Dienstleistungs GmbH', '2020-10-20 10:32:51', 0, 0),
(4, '39', '40555660300', 'Oskar Sudermann Simon-von-Utrecht', '2020-10-20 10:35:35', 0, 0);

-- --------------------------------------------------------

--
-- Table structure for table `all_phone_book_links`
--

CREATE TABLE IF NOT EXISTS `all_phone_book_links` (
  `link_id` int(11) NOT NULL AUTO_INCREMENT COMMENT 'internal index',
  `phone_book_id` int(100) NOT NULL COMMENT 'all_phone_book.id',
  `table_id` int(11) NOT NULL COMMENT 'form_employees.employee_id',
  `table_name` varchar(100) NOT NULL COMMENT 'eg: form_employees',
  PRIMARY KEY (`link_id`),
  UNIQUE KEY `single_refference` (`phone_book_id`,`table_id`,`table_name`)
) ENGINE=MyISAM AUTO_INCREMENT=5 DEFAULT CHARSET=utf8;

--
-- Dumping data for table `all_phone_book_links`
--

INSERT INTO `all_phone_book_links` (`link_id`, `phone_book_id`, `table_id`, `table_name`) VALUES
(1, 1, 1489, 'form_employees'),
(2, 2, 37, 'form_company'),
(3, 3, 37, 'form_company'),
(4, 4, 541, 'form_locations');

-- --------------------------------------------------------

--
-- Table structure for table `form_company`
--

CREATE TABLE IF NOT EXISTS `form_company` (
  `company_id` int(11) NOT NULL AUTO_INCREMENT,
  `company_name` varchar(300) NOT NULL,
  `type` tinyint(4) NOT NULL,
  `telefon` varchar(50) NOT NULL,
  `fax` varchar(255) CHARACTER SET utf8 DEFAULT NULL,
  `web` varchar(255) CHARACTER SET utf8 DEFAULT NULL,
  `email` varchar(255) CHARACTER SET utf8 DEFAULT NULL,
  `admin_company` varchar(255) CHARACTER SET utf8 DEFAULT NULL,
  `strasse` varchar(300) CHARACTER SET utf8 NOT NULL,
  `plz` varchar(10) NOT NULL,
  `wohnort` varchar(100) CHARACTER SET utf8 NOT NULL,
  `datum_anmeldung` date NOT NULL,
  PRIMARY KEY (`company_id`)
) ENGINE=MyISAM AUTO_INCREMENT=40 DEFAULT CHARSET=latin1;

--
-- Dumping data for table `form_company`
--

INSERT INTO `form_company` (`company_id`, `company_name`, `type`, `telefon`, `fax`, `web`, `email`, `admin_company`, `strasse`, `plz`, `wohnort`, `datum_anmeldung`) VALUES
(1, 'HSTD GbR', 1, '004958415553', '058419978991', 'www.hstd-gbr.de', 'info@hstd-gbr.de', 'HSTD Prestari Servicii Tehnice SRL', 'Wiesengrund 15', '29439', 'Lüchow', '2008-01-01'),
(2, 'TDWL GbR', 2, '004958415553', '058419978991', 'www.tdwl-gbr.de', 'info@tdwl-gbr.de', 'HSTD Prestari Servicii Tehnice SRL', 'Wiesengrund 15', '29439', 'Lüchow', '2008-05-21'),
(10, 'Ro-Building GbR', 5, '05841-5553', '05841-9978991', 'www.ro-building-gbr.de', 'info@ro-building-gbr.de', 'Beratung Adminserv SRL', 'Wiesengrund 15', '29439', 'Lüchow', '2013-08-28'),
(5, 'OLLW GbR', 7, '05841-5553', '05841-9978991', '', '', '', 'Zur Brumlage 4a', '49377', 'Langförden', '2008-06-30'),
(6, 'Roconstruct GbR', 5, '030-6789-4900', '030-6789-3210', 'www.roconstruct-gbr.de', 'info@roconstruct-gbr.de', 'Bau VWG Servicii Administrare SRL', 'Waldwinkel 1', '29439', 'Lüchow', '2009-09-21'),
(7, 'Ro-Bau GbR', 5, '05841-5553', '05841-9978991', 'www.ro-bau-gbr.de', 'info@ro-bau-gbr.de', 'HSTD Prestari Servicii Tehnice SRL', 'Wiesengrund 15', '29439', 'Lüchow', '2010-03-18'),
(8, 'HSTD Prestari Servicii Tehnice SRL', 0, '40-368-401454', '40-368-401455', 'www.b-p-g.org', 'info@b-p-g.org', '', 'Str. Ecaterina Teodoroiu Nr, 2B, Camera 2', '500450', 'Brasov', '2008-02-15'),
(9, 'Ro-Expert GbR', 5, '05841-5553', '05841-9978991', 'www.ro-expert-gbr.de', 'info@ro-expert-gbr.de', 'HSTD Prestari Servicii Tehnice SRL', 'Wiesengrund 15', '29439', 'Lüchow', '2011-06-23'),
(11, 'Kron-Bau GbR', 5, '05841-5553', '05841-9978991', 'www.kron-bau-gbr.de', 'info@kron-bau-gbr.de', 'Beratung Adminserv SRL', 'Wiesengrund 15', '29439', 'Lüchow', '2014-06-17'),
(13, 'Beratung Adminserv SRL', 0, '40368800900', '40368401455', 'www.b-p-g.org', 'info@b-p-g.org', '', 'Str. Ecaterina Teodoroiu 2B', '500450', 'Brasov', '2013-08-22'),
(15, 'Kron Stahl GbR', 1, '03067894900', '03067893210', 'www.kron-stahl-gbr.de', 'info@kron-stahl-gbr.de', 'Beratung Adminserv SRL', 'Thomas-Müntzer-Straße 28', '15806', 'Zossen', '2015-01-01'),
(17, 'Elektro Kraft GbR', 2, '03067894900', '03067893210', 'www.elektro-kraft-gbr.de', 'info@elektro-kraft-gbr.de', 'Beratung Adminserv SRL', 'Thomas-Müntzer-Straße 28', '15806', 'Zossen', '2014-11-20'),
(19, 'RO-Expert GbR', 2, '03067894900', '03067893210', 'www.ro-expert-gbr.de', 'info@ro-expert-gbr.de', 'Bau VWG Servicii Administrare SRL', 'Thomas-Müntzer-Straße 28', '15806', 'Zossen', '2015-01-01'),
(21, 'RO-Building GbR', 1, '03067894900', '03067893210', 'www.ro-building-gbr.de', 'info@ro-building-gbr.de', 'Bau VWG Servicii Administrare SRL', 'Thomas-Müntzer-Straße 28', '15806', 'Zossen', '2014-11-29'),
(23, 'Elektro Bau GbR', 2, '03067894900', '03067893210', 'www.elektro-bau-gbr.de', 'info@elektro-bau-gbr.de', 'Beratung Adminserv SRL', 'Thomas-Müntzer-Straße 28', '15806', 'Zossen', '2014-12-22'),
(25, 'Bau VWG Servicii Administrare SRL', 0, '40368800900', '40368401455', 'www.b-p-g.org', 'info@b-p-g.org', 'Bau VWG Servicii Administrare SRL', 'Ecaterina Teodoroiu 2B, Et. 2', '500450', 'Brasov', '2014-07-04'),
(27, 'Kron Install GbR', 2, '03067894900', '03067893210', 'www.kron-install-gbr.de', ' info@kron-install-gbr.de', 'Bau VWG Servicii Administrare SRL', 'Thomas-Müntzer-Straße 28', '15806', 'Zossen', '2015-09-15'),
(29, 'Elektro Instal GbR', 2, '03067894900', '03067893210', 'www.elektro-instal-gbr.de', 'info@elektro-instal-gbr.de', 'Bau VWG Servicii Administrare SRL', 'Thomas-Müntzer-Straße 28', '15806', 'Zossen', '2016-05-02'),
(31, 'Toner Express SRL', 0, '40368800900', '40368401455', 'www.b-p-g.org', 'info@b-p-g.org', 'N/A', 'Ecaterina Teodoroiu 2B, Et. 2', '500450', 'Brasov', '2012-12-17'),
(33, 'BTC Tianfu Group SRL', 0, '40368800900', '40368401455', 'www.b-p-g.org', 'info@b-p-g.org', '', 'Ecaterina Teodoroiu 2B, Et. 2', '500450', 'Brasov', '2014-07-07'),
(35, 'Chengdu Elite Software Technology Co., Ltd.', 11, '862885056019', '862885056019', 'www.b-p-g.org', 'info@b-p-g.org', '', 'Tianehu Gongyu, Building 22, 1-21-02', '610041', 'Chengdu, Sichuan', '2014-08-18'),
(37, 'Rode Calitate Dienstleistungs GmbH', 9, '03067894900', '03067893210', 'www.rodegmbh.de', 'info@b-p-g.org', '', 'Thomas-Müntzer-Straße 28', '15806', 'Zossen', '2014-12-08'),
(39, 'Elektro Strom GbR', 2, '03067894900', '03067893210', 'www.elektro-strom-gbr.de', 'info@elektro-strom-gbr.de ', 'Bau VWG Servicii Administrare SRL', 'Kirchstrasse 17', '29439', 'Lüchow', '2020-05-01');

-- --------------------------------------------------------

--
-- Table structure for table `form_employees`
--

CREATE TABLE IF NOT EXISTS `form_employees` (
  `employee_id` int(11) NOT NULL AUTO_INCREMENT,
  `company_id` int(11) NOT NULL DEFAULT '0',
  `herr_frau` varchar(4) NOT NULL DEFAULT 'Herr',
  `name` varchar(200) NOT NULL,
  `vorname` varchar(200) NOT NULL,
  `deleted` varchar(1) NOT NULL DEFAULT '0',
  `inactiv` varchar(1) NOT NULL DEFAULT '1' COMMENT 'is a member of a company and he has no location, or he is into a vacation. this is similar to vacation but it refferes to the member status',
  `ex` varchar(1) NOT NULL DEFAULT '0' COMMENT 'is a member of a company',
  `prospect` varchar(1) NOT NULL DEFAULT '0' COMMENT 'before a person can become an associate, he is a prospect, in order to collect data from him and generate the association/company forms',
  `mobiltelefon` varchar(150) NOT NULL,
  `whatsapp_number` varchar(255) NOT NULL,
  `rumanien_telefon` varchar(150) NOT NULL,
  `deutch_telefon` varchar(150) NOT NULL,
  `geb_datum` date NOT NULL,
  `geb_ort` varchar(80) NOT NULL,
  `einsatzort` int(11) NOT NULL,
  PRIMARY KEY (`employee_id`)
) ENGINE=MyISAM AUTO_INCREMENT=2349 DEFAULT CHARSET=latin1;

--
-- Dumping data for table `form_employees`
--

INSERT INTO `form_employees` (`employee_id`, `company_id`, `herr_frau`, `name`, `vorname`, `deleted`, `inactiv`, `ex`, `prospect`, `mobiltelefon`, `whatsapp_number`, `rumanien_telefon`, `deutch_telefon`, `geb_datum`, `geb_ort`, `einsatzort`) VALUES
(1489, 29, 'Herr', 'Vaduva', 'Constantin', '0', '0', '1', '0', '', '', '0745688175', '', '1960-06-19', 'Girbovu, Jud Gorj', 259),
(1487, 29, 'Herr', 'Prunau', 'Vergil', '0', '0', '1', '0', '004915145019982', '', '0763025577', '', '1969-04-18', 'Pirscov, Buzau', 259),
(1485, 15, 'Herr', 'Gafton', 'Adrian Andrei', '0', '0', '1', '0', '', '', '0740396406', '', '1966-02-16', 'Brasov', 101),
(1877, 19, 'Herr', 'Sarkany Bedo', 'Ioan', '0', '0', '1', '0', '', '', '0770841762', '', '1966-03-19', 'Brasov', 357),
(1881, 0, 'Herr', 'Manole', 'Sandu', '0', '0', '0', '1', '', '', '', '', '1972-11-03', 'Oltenita', 0),
(1883, 23, 'Herr', 'Trifan', 'Alin Mihai', '0', '0', '1', '0', '004915146984072', '', '0732662371', '', '1987-12-04', 'Oltenita', 369),
(1885, 17, 'Herr', 'Baicoianu', 'Adrian Gabriel', '0', '0', '1', '0', '', '0040721515033', '0721515033', '', '1984-09-01', 'Campina', 329),
(1887, 23, 'Herr', 'Erbarescu', 'Nicolae Romeo', '0', '0', '1', '0', '', '0040766733627', '0766733627', '', '1975-02-05', 'Slobozia', 369),
(1889, 29, 'Herr', 'Mina', 'Gabriel Lucian', '0', '0', '1', '0', '', '0040758938391', '0758938391', '', '1997-11-07', 'Bacau', 427),
(1891, 23, 'Herr', 'Ungureanu', 'Gheorghe', '0', '0', '1', '0', '', '0040744206574', '0744206574', '', '1976-09-18', 'Braila', 369),
(1893, 17, 'Herr', 'Caciula', 'Costel', '0', '0', '0', '0', '', '', '0764289260', '', '1970-08-07', 'Husi', 503),
(1895, 19, 'Herr', 'Cornateanu', 'Mihail', '0', '0', '1', '0', '', '0040726187803', '0726187803', '', '1977-09-02', 'Brasov', 343),
(1897, 17, 'Herr', 'Sandu', 'Titi', '0', '0', '1', '0', '', '0040720002101', '0720002101', '', '1963-08-19', 'Birsanesti', 501),
(1899, 0, 'Herr', 'Ilea', 'Eugen', '0', '0', '0', '1', '', '', '0727376176', '', '1969-11-04', 'Stefanesti', 0),
(1901, 29, 'Herr', 'Varga', 'Ioan', '0', '0', '1', '0', '', '', '0731969496', '', '1961-11-26', 'Vulcan', 411),
(1903, 17, 'Herr', 'Fulger', 'Niculai', '0', '0', '1', '0', '004915124424841', '', '0737828331', '', '1960-10-13', 'Bucuresti', 447),
(1905, 23, 'Herr', 'Stanculescu', 'Ion', '0', '0', '1', '0', '', '', '0736660984', '', '1961-04-22', 'Armasesti', 357),
(1907, 23, 'Herr', 'Chiper', 'Gabriel Ioan', '0', '0', '1', '0', '015166480495', '', '', '', '1967-09-02', 'Onesti', 357),
(1909, 23, 'Herr', 'Boerescu', 'Paul', '0', '0', '1', '0', '', '0040732418228', '0732418228', '', '1967-09-20', 'Ploiesti', 383),
(1911, 23, 'Herr', 'Neagu', 'Ionut Matei', '0', '0', '1', '0', '', '0040756821315', '0756821315', '', '1991-09-22', 'Cluj Napoca', 383),
(1917, 23, 'Herr', 'Stoian', 'Adrian Mihai', '0', '0', '1', '0', '015145812194', '4915145812194', '', '', '1967-11-21', 'Hateg', 383),
(1913, 15, 'Herr', 'Lefter', 'Stefan Fanel', '0', '0', '1', '0', '', '', '0756402757', '', '1972-08-13', 'Tirgu Bujor', 415),
(1919, 17, 'Herr', 'Marcu', 'Ion', '0', '0', '1', '0', '', '0040 737 573 880', '0 737 573 880', '', '1972-05-14', 'Brailesti', 357),
(1915, 23, 'Herr', 'Petcu', 'Costica', '0', '0', '1', '0', '', '0040768427697', '0768427697', '', '1955-08-29', 'Jirlau', 335),
(1931, 0, 'Herr', 'Frone', 'Nicolae Doru', '0', '0', '0', '1', '', '0040729889104', '0729889104', '', '1955-06-22', 'Vernesti', 0),
(1921, 23, 'Herr', 'Pindic', 'Pavel', '0', '0', '1', '0', '004915124383962', '0040748247212', '0748247212', '', '1975-01-27', 'Chilia Veche', 423),
(1923, 0, 'Herr', 'Anghel', 'Florin Laurentiu', '0', '0', '0', '1', '', '0733479955', '0733479955', '', '1995-06-30', 'Constanta', 0),
(1925, 0, 'Herr', 'Colev', 'Alexandru Nicu', '0', '0', '0', '1', '', '0040730576251', '0730576251', '', '1995-05-04', 'Constanta', 0),
(1927, 23, 'Herr', 'Craciun', 'Gheorghita', '0', '0', '1', '0', '', '0040723747148', '0723747148', '', '1972-06-07', 'Moreni', 423),
(1929, 0, 'Herr', 'Alexandru', 'Petrica', '0', '0', '0', '1', '', '0040766481617', '0766481617', '', '1964-12-03', 'Slatina', 0),
(1933, 17, 'Herr', 'Stiuca', 'Petre', '0', '0', '1', '0', '', '', '0787390713', '', '1964-11-27', 'Plopsoru', 357),
(1935, 23, 'Herr', 'Tudorachi', 'Danuta', '0', '0', '1', '0', '', '', '0748070806', '', '1961-07-01', 'Com. Corni', 423),
(1937, 29, 'Herr', 'Curelaru', 'Georgian Florin', '0', '0', '1', '0', '', '0040 736 771 444', '0 736 771 444', '', '1984-08-08', 'Campina', 437),
(1939, 19, 'Herr', 'Nadasan', 'Marius Olimpiu', '0', '0', '1', '0', '004915171895968', '004915171895968', '004915171895968', '', '1985-01-18', 'Lipova', 357),
(1941, 17, 'Herr', 'Iancu', 'Laurentiu George', '0', '0', '1', '0', '', '0040725450016', '0725450016', '', '1978-06-25', 'Bucuresti', 357),
(1943, 29, 'Herr', 'Vilceanu', 'Toma', '0', '0', '1', '0', '', '0724207760', '0724207760', '', '1961-07-10', 'Tirgu Jiu', 411),
(1945, 23, 'Herr', 'Dublea', 'Vasilica', '0', '0', '1', '0', '', '', '0040766772288', '', '1964-01-10', 'Birsesti', 501),
(1947, 15, 'Herr', 'Pirlea', 'Viorel', '0', '0', '1', '0', '', '0040721991472', '0721991472', '', '1963-04-02', 'Salcud', 429),
(1949, 15, 'Herr', 'Bacanu', 'Iulian Victor', '0', '0', '1', '0', '', '0040720611071', '0720611071', '', '1967-10-06', 'Pitesti', 429),
(1951, 0, 'Herr', 'Banea', 'Sorin', '0', '0', '0', '1', '', '', '0758461726', '', '1968-09-19', 'Galati', 0),
(1953, 23, 'Herr', 'Varban', 'Marian', '0', '0', '1', '0', '', '0040752780690', '0752780690', '', '1969-09-19', 'Fagaras', 465),
(1955, 0, 'Herr', 'Zamfir', 'Doru', '0', '0', '0', '1', '', '', '', '', '1985-12-26', 'Rosiori de Vede ', 0),
(1957, 23, 'Herr', 'Csürös', 'Imre', '0', '0', '1', '0', '', '', '0742896963', '', '1958-02-17', 'Miercurea Ciuc', 421),
(1959, 23, 'Herr', 'Golomoz', 'Constantin', '0', '0', '1', '0', '', '', '0724205417', '', '1958-07-27', 'Faraoanele', 421),
(1961, 29, 'Herr', 'Musat', 'Marian', '0', '0', '1', '0', '', '0040799233819', '0799233819', '', '1986-08-30', 'Buzau', 365),
(1963, 23, 'Herr', 'Sandu', 'Florin Silviu', '0', '0', '0', '0', '', '0040723359426', '0723359426', '', '1974-03-10', 'Ploiesti', 572),
(1965, 17, 'Herr', 'Sava', 'Constantin', '0', '0', '1', '0', '', '0040764441181', '0764441181', '', '1969-10-30', 'Bucuresti', 515),
(1967, 17, 'Herr', 'Hütter', 'Vasile', '0', '0', '1', '0', '', '', '0753629572', '', '1966-07-06', 'Sebes', 423),
(1969, 23, 'Herr', 'Gheorghe', 'Sorin', '0', '0', '1', '0', '', '', '0747803123', '', '1956-07-12', 'Bucuresti', 405),
(1975, 0, 'Herr', 'Molosit', 'Severius Ioan', '0', '0', '0', '1', '', '0040770438905', '0770438905', '', '1974-05-28', 'Medias', 0),
(1981, 0, 'Herr', 'Boncea', 'Bogdan', '0', '0', '0', '1', '00393896913816 ', '00393896913816 ', '', '', '1969-03-06', 'Suici', 0),
(1977, 29, 'Herr', 'Badea Gunsch', 'Petre George', '0', '0', '1', '0', '00491753747324', '', '', '', '1950-04-03', 'Prahova', 381),
(1979, 17, 'Herr', 'Rotaru', 'Cristian', '0', '0', '1', '0', '', '0729912141', '0729912141', '', '1968-02-06', 'Targoviste', 423),
(1983, 29, 'Herr', 'Mizan', 'Can', '0', '0', '1', '0', '', '', '0031616269325', '', '1995-01-06', 'Lefkosa', 381),
(1985, 0, 'Herr', 'Saliu', 'Cornel', '0', '0', '0', '1', '', '0040799231271', '0799231271', '', '1977-01-30', 'Constanta', 0),
(1987, 0, 'Herr', 'Stancea', 'Ion', '0', '0', '0', '1', '', '0040757127932', '0757127932', '', '1961-02-03', 'Constanta', 0),
(1989, 0, 'Herr', 'Lovin', 'Niculae', '0', '0', '0', '1', '', '0040749554093', '0749554093', '', '1956-08-13', 'Vrancea', 0),
(1991, 23, 'Herr', 'Manta', 'Constantin', '0', '0', '1', '0', '', '0040755247151', '0755247151', '', '1974-03-23', 'Vilcea', 381),
(1993, 0, 'Herr', 'Zamfirescu', 'Nicolae', '0', '0', '0', '1', '', '', '0730761994 ', '', '1964-09-16', 'Vulcana-Bai', 0),
(1995, 0, 'Herr', 'Mihai', 'Gabriel', '0', '0', '0', '1', '', '', '0765786323', '', '1956-10-08', 'Cosmesti', 0),
(1997, 0, 'Herr', 'Matura', 'Nicusor', '0', '0', '0', '1', '', '0040723055449', '0723055449', '', '1967-11-16', 'Galati', 0),
(1999, 17, 'Herr', 'Linguraru', 'Neagu', '0', '0', '1', '0', '', '', '0721224819', '', '1961-03-15', '', 357),
(2001, 17, 'Herr', 'Ionita', 'Tudorel', '0', '0', '1', '0', '', '', '0762075643', '', '1974-08-08', 'Sec.8 Bucuresti', 357),
(2003, 23, 'Herr', 'Podgoreanu', 'Adrian Neculae', '0', '0', '0', '0', '', '', '0034697864616', '', '1975-03-05', 'Brasov', 572),
(2005, 29, 'Herr', 'Fudulache', 'Constantin Doru', '0', '0', '1', '0', '', '0040749259339', '0749259339', '', '1967-11-21', 'Galati', 381),
(2007, 23, 'Herr', 'Lie', 'Daniel', '0', '0', '1', '0', '', '', '0745169346', '', '1982-10-15', 'Brasov', 475),
(2009, 29, 'Herr', 'Ghighilan', 'Cristian', '0', '0', '1', '0', '', '0040763764983', '0763764983', '', '1971-01-06', 'Tirgu Jiu', 381),
(2011, 15, 'Herr', 'Balaban', 'Florin Valentin', '0', '0', '1', '0', '', '0040758154802', '0758154802', '', '1979-09-12', 'Bucuresti', 385),
(2013, 29, 'Herr', 'Panciu Rusu', 'Catalin Nicolae', '0', '0', '1', '0', '', '0040745358179', '0745358179', '', '1973-01-21', 'Onesti', 381),
(2015, 29, 'Herr', 'Szasz', 'Ioan', '0', '0', '1', '0', '', '0040737381177', '0737381177', '', '1973-05-02', 'Brasov', 431),
(2023, 29, 'Herr', 'Preda', 'Aurel', '0', '0', '1', '0', '', '0040770621629', '0770621629', '', '1973-01-28', 'Craiova', 381),
(2017, 29, 'Herr', 'Faraoneanu', 'Gabriela Monica', '0', '0', '1', '0', '004915145846804', '004915145846804', '', '', '1964-02-29', 'Bucuresti', 381),
(2019, 29, 'Herr', 'Chiser', 'Stefan', '0', '0', '1', '0', '', '0040743923299', '0743923299', '', '1966-03-04', 'Macesu de Jos', 381),
(2021, 23, 'Herr', 'Paraschiv', 'Florin', '0', '0', '1', '0', '', '0040754488362', '0756835463', '', '1975-10-13', 'Galati', 423),
(2025, 0, 'Herr', 'Tudorica', 'Silviu', '0', '0', '0', '1', '', '', '', '', '1969-12-17', '', 0),
(2029, 0, 'Herr', 'Stanila', 'Ionel', '0', '0', '0', '1', '', '', '', '', '1970-01-13', 'Alexandria', 0),
(2031, 0, 'Herr', 'Iconaru', 'Niculae', '0', '0', '0', '1', '', '', '', '', '1967-10-02', '', 0),
(2057, 23, 'Herr', 'Cristea', 'Marian', '0', '0', '0', '0', '', '0040720026686', '0720026686', '', '1975-09-14', 'Bucuresti', 549),
(2035, 29, 'Herr', 'Savin', 'Dumitru', '0', '0', '1', '0', '', '', '', '', '1962-10-15', 'Sat Garbesti, Com. Tibana', 381),
(2037, 29, 'Herr', 'Savin', 'Ion', '0', '0', '1', '0', '', '', '0799396469', '', '1954-06-27', 'Sat Garbesti, Com. Tibana', 381),
(2039, 29, 'Herr', 'Tudose', 'Marius Ionel', '0', '0', '1', '0', '', '', '', '', '1991-09-02', 'Teremia Mare', 381),
(2041, 29, 'Herr', 'Tudose', 'Emil', '0', '0', '1', '0', '', '', '', '', '1956-11-09', 'Sat Dumitra, Com. Dumitra', 381),
(2043, 0, 'Herr', 'Parpaluta', 'Ionut Iulian', '0', '0', '0', '1', '', '', '', '', '1992-07-13', 'Suceava', 0),
(2045, 29, 'Herr', 'Busuioc', 'Ovidiu', '0', '0', '1', '0', '', '', '', '', '1978-12-24', 'Tibanesti, Iasi', 381),
(2047, 29, 'Herr', 'Busuioc', 'Florin', '0', '0', '1', '0', '', '', '', '', '1969-03-14', 'Tibanesti, Iasi', 381),
(2049, 29, 'Herr', 'Gantu', 'Costica', '0', '0', '1', '0', '', '', '', '', '1969-02-13', 'Tibanesti, Iasi', 381),
(2051, 29, 'Herr', 'Gheorma', 'Ilie', '0', '0', '1', '0', '', '', '', '', '1957-07-20', 'Com. Pietrari, Valcea', 381),
(2053, 29, 'Herr', 'Gantu', 'Mitica', '0', '0', '1', '0', '', '', '', '', '1967-02-02', 'Sat Garbesti, Com. Tibana', 381),
(2055, 29, 'Herr', 'Gintu', 'Ionel', '0', '0', '1', '0', '', '', '', '', '1971-03-08', 'Tibanesti, Iasi', 381),
(2059, 29, 'Herr', 'Pascal', 'Cristinel', '0', '0', '1', '0', '', '', '', '', '1981-05-29', 'Tibanesti', 381),
(2061, 29, 'Herr', 'Busuioc', 'F. Florin', '0', '0', '1', '0', '', '', '0741599552', '', '1993-02-13', 'Iasi', 381),
(2063, 15, 'Herr', 'Nechita', 'Constantin', '0', '0', '1', '0', '', '0040747472982', '0747472982', '', '1978-05-09', 'Vaslui', 339),
(2065, 15, 'Herr', 'Lungu', 'Daniel Vasile', '0', '0', '1', '0', '', '0040756256723', '0722543235', '', '1986-10-09', 'Bacau', 339),
(2067, 29, 'Herr', 'Paraschiv', 'Petronel', '0', '0', '1', '0', '', '', '', '', '1985-06-08', 'Tibanesti', 381),
(2069, 29, 'Herr', 'Tonu', 'Vasile', '0', '0', '1', '0', '', '', '0751486681', '', '1963-10-10', 'Girbesti', 381),
(2071, 29, 'Herr', 'Rusu', 'Stefan Petrica', '0', '0', '1', '0', '', '', '0749778711', '', '1980-11-19', 'Tibanesti', 381),
(2073, 15, 'Herr', 'Huiban', 'Elvis Gabriel', '0', '0', '1', '0', '004915145011470', '', '0753859959', '', '1966-09-01', 'Bacau', 339),
(2085, 17, 'Herr', 'Stanciu', 'Nicolae Catalin', '0', '0', '1', '0', '', '0040744577219', '0744577219', '', '1978-10-06', 'Brasov', 477),
(2075, 17, 'Herr', 'Buda', 'Vlad Marius', '0', '0', '1', '0', '', '0040773387521', '0773387521', '', '1997-12-25', 'Oradea', 423),
(2077, 0, 'Herr', 'Tacu', 'Ion Ionut', '0', '0', '0', '1', '', '', '0760526237', '', '1987-04-28', 'Nehoiu', 0),
(2079, 17, 'Herr', 'Sabau', 'Manuel Aurelian', '0', '0', '1', '0', '', '00393331135954', '00393331135954', '', '1975-09-22', 'Caransebes', 405),
(2081, 15, 'Herr', 'Vasile', 'Nicu Adrian', '0', '0', '1', '0', '', '0040766708757', '0766708757', '', '1978-04-30', 'Medgidia', 339),
(2083, 17, 'Herr', 'Bunghez', 'Gabriel Mircea', '0', '0', '1', '0', '', '', '0786062333', '', '1968-09-08', 'Ploiesti', 451),
(2087, 0, 'Herr', 'Constantin', 'Ionut Bogdan', '0', '0', '0', '1', '', '0040772211004', '0772211004', '', '1971-02-07', 'Busuresti', 0),
(2099, 15, 'Herr', 'Panait', 'Daniel Florin', '0', '0', '1', '0', '', '', '0743329655', '', '1979-09-25', 'Braila', 339),
(2089, 19, 'Herr', 'Anghel', 'Valeriu Eugen', '0', '0', '0', '0', '', '0034643337300', '0034643337300', '', '1966-12-13', 'Ploiesti', 525),
(2091, 19, 'Herr', 'Dinu', 'Vasile', '0', '0', '1', '0', '', '0040766228480', '0766228480', '', '1961-02-12', 'Faltinesti', 475),
(2095, 23, 'Herr', 'Bejanaru', 'Ion', '0', '0', '1', '0', '', '', '0762117393', '', '1968-07-14', 'Ors. Odobesti', 469),
(2093, 23, 'Herr', 'Bica', 'Bogdan Eugen', '0', '0', '1', '0', '', '0040766510189', '0766510189', '', '1986-05-28', 'Fagaras', 465),
(2097, 0, 'Herr', 'Oprisan', 'Cornel Madalin', '0', '0', '0', '1', '', '0040720742013', '0720742013', '', '1988-07-25', 'Ploiesti', 0),
(2101, 0, 'Herr', 'Curca', 'Constantin', '0', '0', '0', '1', '', '', '0760320402', '', '1973-08-27', 'Valenii de Munte', 0),
(2103, 15, 'Herr', 'Panait', 'Marius Viorel', '0', '0', '1', '0', '', '0040756618389', '0756618389', '', '1986-02-09', 'Braila', 339),
(2105, 17, 'Herr', 'Haiec', 'Claudiu Alin', '0', '0', '1', '0', '', '0040768389650', '0751279030', '', '1967-12-25', 'Mun. Craiova', 405),
(2107, 17, 'Herr', 'Butuc', 'Grigore', '0', '0', '1', '0', '', '004037367240800', '0037367240800', '', '1983-02-07', 'Cantemir, Rep. Moldova', 423),
(2109, 0, 'Herr', 'Vatafu', 'Marian', '0', '0', '0', '1', '', '00400768945549', '0768945549', '', '1964-11-20', 'Calarasi', 0),
(2111, 17, 'Herr', 'Rug', 'Ilie', '0', '0', '1', '0', '', '', '0771504623', '', '1964-02-28', 'Lupeni', 427),
(2113, 17, 'Herr', 'Ivanov', 'Mihai Epifan', '0', '0', '1', '0', '', '', '0746180885', '', '1974-11-09', 'Tulcea', 405),
(2115, 29, 'Herr', 'Panduru', 'Ovidiu', '0', '0', '1', '0', '', '', '0731527542', '', '1965-03-02', 'Iormanesti', 549),
(2117, 19, 'Herr', 'Diaconescu', 'Cristian Vlad', '0', '0', '0', '0', '', '0040787772783', '0787772783', '', '1989-01-20', 'Tirgu Jiu', 566),
(2119, 19, 'Herr', 'Nica', 'Luigi Narcis', '0', '0', '1', '0', '00491782230689', '0031634307224', '', '', '1969-03-16', 'Galati', 459),
(2121, 23, 'Herr', 'Gindac', 'Marius Adrian', '0', '0', '1', '0', '', '', '0749532434', '', '1985-08-16', '', 423),
(2123, 0, 'Herr', 'Morun', 'Ioan Alexandru', '0', '0', '0', '1', '', '0040733830690', '0733830690', '', '1989-06-17', '', 0),
(2125, 23, 'Herr', 'Pitu', 'Marius', '0', '0', '1', '0', '', '', '0749793669', '', '1999-07-18', 'Brasov', 465),
(2127, 15, 'Herr', 'Stan Wild', 'Ovidiu Severius', '0', '0', '1', '0', '00393533516425', '0040775716425', '0775716425', '', '1970-12-22', 'Mun. Prahova', 339),
(2129, 0, 'Herr', 'Berkuta', 'Yurii', '0', '0', '0', '1', '+380673804732 ', '', '', '', '1977-02-16', 'Khmelnytsky Oblast', 0),
(2133, 23, 'Herr', 'Jinga', 'Dorel Emanuel', '0', '0', '1', '0', '', '0040747940209', '0747940209', '', '1977-03-26', 'Mun. Brasov', 423),
(2135, 29, 'Herr', 'Andreescu', 'Ion', '0', '0', '1', '0', '', '0040764379442', '0764379442', '', '1964-03-27', 'Mun. Craiova', 465),
(2137, 23, 'Herr', 'Calin', 'Vasile Ovidiu', '0', '0', '0', '0', '', '0040746866472', '0746866472', '', '1973-01-05', '', 525),
(2139, 19, 'Herr', 'Pavel', 'Florin Mircea', '0', '0', '0', '0', '00393898355312', '00393898355312', '', '', '1976-04-27', 'Mun. Brasov', 566),
(2213, 19, 'Herr', 'Bagiu', 'Mihaita Gabriel', '0', '0', '1', '0', '', '0040758744603', '0758744603', '', '1975-08-21', 'Brasov', 433),
(2141, 0, 'Herr', 'Surugiu', 'Aurelian', '0', '0', '0', '1', '', '0040768999239', '0768999239', '', '1979-03-11', '', 0),
(2143, 0, 'Herr', 'Ginsar', 'George', '0', '0', '0', '1', '004915124462235', '0040720225650', '0720225650', '', '1967-12-09', '', 0),
(2145, 17, 'Herr', 'Anton', 'Nicusor', '0', '0', '1', '0', '', '', '0737707474', '', '1967-08-08', 'Com. Facaieni', 447),
(2147, 17, 'Herr', 'Bahnar', 'Ovidiu', '0', '0', '0', '0', '', '0040764820933', '0764820933', '', '1985-05-04', 'Mun. Husi', 535),
(2149, 19, 'Herr', 'Dumitra', 'Ion', '0', '0', '1', '0', '', '0040725472832', '0725472832', '', '1978-11-29', 'Bucuresti', 307),
(2151, 19, 'Herr', 'Dumitra', 'Catalin', '0', '0', '1', '0', '', '0040761434089', '0742708803', '', '1975-05-02', 'Mun. Bucuresti', 307),
(2153, 23, 'Herr', 'Dica', 'Constantinide', '0', '0', '1', '0', '', '0040725244638', '0799833960', '', '1970-01-14', '', 519),
(2155, 19, 'Herr', 'Buricea', 'Ilie Laurentiu', '0', '0', '1', '0', '', '0040 747 531 201', '0 747 531 201', '', '1995-12-03', '', 307),
(2157, 29, 'Herr', 'Mesquita Dos Santos', 'Paulo Henrique', '0', '0', '1', '0', '', '0040741362752', '0741362752', '', '1976-06-09', 'Portugalia', 307),
(2159, 0, 'Herr', 'Pop', 'Stelian', '0', '0', '0', '1', '', '0040743358599', '0743358599', '', '1970-10-17', '', 0),
(2161, 23, 'Herr', 'Bucur', 'Daniel Constantin', '0', '0', '1', '0', '', '0040799352784', '0799352784', '', '1980-08-05', 'Mun. Ploiesti', 469),
(2163, 23, 'Herr', 'Stecher', 'Marian', '0', '0', '1', '0', '', '', '0722463873', '', '1958-01-14', '', 405),
(2165, 23, 'Herr', 'Moisa', 'Petru', '0', '0', '1', '0', '', '', '0756506850', '', '1957-08-19', '', 423),
(2167, 0, 'Herr', 'Ichim', 'Ion', '0', '0', '0', '1', '', '0040747425725', '0747425725', '', '1965-10-17', '', 0),
(2169, 0, 'Herr', 'Cojocaru', 'Petrus', '0', '0', '0', '1', '', '0040771402005', '0771402005', '', '1955-03-24', '', 0),
(2171, 23, 'Herr', 'Barbu', 'Gheorghe', '0', '0', '1', '0', '', '0040721884456', '0721884456', '', '1957-04-19', '', 447),
(2173, 23, 'Herr', 'Apostu', 'Viorel', '0', '0', '1', '0', '', '0040771329138', '0771329138', '', '1960-04-20', '', 465),
(2175, 23, 'Herr', 'Catrinoiu', 'Corina Ionela', '0', '0', '1', '0', '', '004915753723346', '15753723346', '', '1982-09-15', '', 499),
(2185, 0, 'Herr', 'Albert', 'Daniel', '0', '0', '0', '1', '', '0040722803674', '0722803674', '', '1965-05-29', 'Com. Butoiresti', 0),
(2177, 29, 'Herr', 'Dinu', 'David', '0', '0', '1', '0', '', '0040784244468', '0784244468', '', '2000-05-18', 'Suceava', 511),
(2179, 0, 'Herr', 'Aldea', 'Danut', '0', '0', '0', '1', '', '0040728661075', '0728661075', '', '1969-03-09', 'Constanta', 0),
(2181, 29, 'Herr', 'Lucu', 'Ion Vergil', '0', '0', '1', '0', '', '0040747507793', '0751036986', '', '1977-05-07', 'Com. Melinesti', 489),
(2183, 29, 'Herr', 'Butaru', 'Florin', '0', '0', '1', '0', '', '0040766412223', '0766412223', '', '1977-04-25', 'Mun, Craiova', 489),
(2187, 29, 'Herr', 'Ilica', 'Marian Alexandru', '0', '0', '1', '0', '', '0040743658652', '0743658652', '', '1993-04-17', 'Brasov', 463),
(2189, 23, 'Herr', 'Polotca', 'Stefan Marcel', '0', '0', '1', '0', '', '', '00447954729497', '', '1971-03-30', 'Lupeni', 495),
(2191, 0, 'Herr', 'Rosu', 'Florin', '0', '0', '0', '1', '', '0040744570667', '0744570667', '', '1977-06-06', 'Mun. Pitesti', 0),
(2193, 23, 'Herr', 'Anghel', 'Virgil Gheorghe', '0', '0', '1', '0', '', '', '0747936321', '', '1973-08-14', '', 467),
(2195, 0, 'Herr', 'Filimon', 'Andrei', '0', '0', '0', '1', '', '0040759088548', '0759088548', '', '1995-03-01', 'Mun. Birlad', 0),
(2197, 0, 'Herr', 'Filimon', 'Ioan', '0', '0', '0', '1', '015175865077', '004915175865077', '', '', '1990-07-05', 'Mun.Birlad', 0),
(2347, 23, 'Herr', 'Ilie', 'Florentin Viorel', '0', '0', '0', '0', '', '0040729303172', '0729303172', '', '1984-06-09', 'Mun. Slobozia', 575),
(2348, 23, 'Herr', 'Vasilache', 'Constantin', '0', '0', '0', '0', '', '0040745024658', '0745024658', '', '1964-05-03', 'Com. Hartop', 575);

-- --------------------------------------------------------

--
-- Table structure for table `form_locations`
--

CREATE TABLE IF NOT EXISTS `form_locations` (
  `location_id` int(11) NOT NULL AUTO_INCREMENT,
  `company_id` int(11) NOT NULL,
  `name` varchar(100) CHARACTER SET latin1 NOT NULL,
  `einsatzort` varchar(100) NOT NULL,
  `strasse` varchar(100) CHARACTER SET latin1 NOT NULL,
  `street` varchar(200) CHARACTER SET latin1 NOT NULL,
  `street_number` varchar(10) CHARACTER SET latin1 NOT NULL,
  `plz` varchar(150) CHARACTER SET latin1 NOT NULL,
  `wohnort` varchar(100) CHARACTER SET latin1 NOT NULL,
  `telefonnummer` varchar(150) CHARACTER SET latin1 NOT NULL,
  `is_inactiv` varchar(1) CHARACTER SET latin1 NOT NULL DEFAULT '0' COMMENT 'comlementary to is typical',
  `is_prospect` varchar(1) CHARACTER SET latin1 NOT NULL DEFAULT '0',
  `is_eng_location` varchar(1) CHARACTER SET latin1 NOT NULL DEFAULT '0',
  `id_engineer` int(11) NOT NULL DEFAULT '0',
  PRIMARY KEY (`location_id`)
) ENGINE=MyISAM AUTO_INCREMENT=576 DEFAULT CHARSET=utf8;

--
-- Dumping data for table `form_locations`
--

INSERT INTO `form_locations` (`location_id`, `company_id`, `name`, `einsatzort`, `strasse`, `street`, `street_number`, `plz`, `wohnort`, `telefonnummer`, `is_inactiv`, `is_prospect`, `is_eng_location`, `id_engineer`) VALUES
(1, 1, 'HMK Kirchner Stahl- und Maschinenbau GmbH', 'Oldenburg (HSTD)', 'Breslauer Str. 4', '', '', '26188', 'Edewecht', '04405 - 9281-0', '1', '0', '0', 0),
(2, 1, 'FAIST Anlagenbau GmbH', 'Krumbach (HSTD)', 'Bahnhofstraße 41', '', '', '86381', 'Krumbach', '082 82 / 88 80-0', '1', '0', '0', 0),
(3, 1, 'HS Hallensysteme GmbH', 'Herschbach (HSTD)', 'Holzbachstraße 8', '', '', '56249', 'Herschbach', '02626/766-0', '1', '0', '0', 0),
(4, 1, 'Gerhard Debus GmbH & Co. KG', 'Haiger (HSTD)', 'Auf der Haide  21', '', '', '35708', 'Haiger', '02774 / 9339 - 0', '1', '0', '0', 0),
(5, 5, '', 'Langförden (OLLW)', 'Zur Brumlage 4a', '', '', '49377', 'Langförden', '04447-1281', '1', '0', '0', 0),
(6, 1, 'Roland Kipper Heizung & Sanitär', 'Frankfurt (HSTD)', 'Fünfkirchner Str. 6 ', '', '', '63633', 'Birstein', '06054908736', '1', '0', '0', 0),
(7, 0, 'Toner Express', 'Schönefeld', 'Kühnscher Weg 3', '', '', '12529', 'Schönefeld', '+49-30-6789-4900', '1', '0', '0', 0),
(9, 2, 'Klüber Elektroanlagen GmbH', 'Dresden (TDWL)', 'Hauptstr. 72', '', '', '09619', 'Mulda', '037320-871-0', '1', '0', '0', 0),
(10, 2, 'Dorma Center ', 'Dormagen (TDWL)', 'Unter den Hecken 2', '', '', '41539', 'Dormagen', '02371-979997 ', '1', '0', '0', 0),
(11, 1, 'Montec GmbH', 'Magdeburg (HSTD)', 'Alt Salbke 6 – 10', '', '', '39120 ', 'Magdeburg ', '0391  407 30 26', '1', '0', '0', 0),
(12, 2, 'Rauscher Bau-und Sanierungs GmbH', 'Östringen', 'Im Enkler 34', '', '', '69181', 'Leimen', '06224-73365', '1', '0', '0', 0),
(13, 2, 'Elektro-Anlagen-Bau GmbH', 'Arnstadt (TDWL)', 'Hörselgauer Straße 1a ', '', '', '99880', 'Waltershausen', '03622 - 40 33 0 ', '1', '0', '0', 0),
(15, 6, 'Peter Ruben Ausbau GmbH', 'Düsseldorf Airport (ROCO)', 'Aue 2', '', '', '98593', 'Floh-Seligenthal', '03683-40970', '1', '0', '0', 0),
(16, 1, 'Gerhard Debus GmbH & Co. KG', 'Haiger LDK (HSTD)', 'Auf der Haide  21', '', '', '35708', 'Haiger', '02774 / 9339 - 0', '1', '0', '0', 0),
(17, 6, 'Rauscher Bau-und Sanierungs GmbH', 'Östringen (ROCO)', 'Im Enkler 34', '', '', '69181', 'Leimen', '06224-73365', '1', '0', '0', 0),
(18, 2, '', 'Walsum(TDWL)', '', '', '', '', '', '', '1', '0', '0', 0),
(19, 0, '', 'Eng. Popa Doru', '', '', '', '', '', '', '1', '0', '1', 139),
(20, 0, '', 'Eng. Lisievici', '', '', '', '', '', '', '1', '0', '1', 140),
(21, 6, 'Christian Stark Bauunternehmen GmbH', 'Wermelskirchen ( ROCO)', 'Auf der Huhfuhr 7', '', '', '42929 ', 'Wermelskirchen', '02193-533969-0', '1', '0', '0', 0),
(23, 6, 'Detlef Strugar GmbH', 'Velbert (ROCO)', 'Wordenbecker Weg 14', '', '', '42549', 'Velbert', '02051-809718', '1', '0', '0', 0),
(24, 6, 'Richard Rahn Bauunternehmung GmbH', 'Kiel (ROCO)', 'Preetzer Chausse 23', '', '', '24222 ', 'Schwentinental ', '0431 - 78097-0', '1', '0', '0', 0),
(26, 7, 'Kögel Bau GmbH & Co. KG', 'Kirchlengern (Ro-Bau)', 'Hinterm Schloß 14', '', '', '32549 ', 'Bad Oeynhausen', '0 57 31  75 61 - 0', '1', '0', '0', 0),
(27, 2, 'Elektro Zimmermann', 'Zimmermann (TDWL)', 'Friedrich Kirchhoff Str. 7', '', '', '58640', 'Iserlohn', '', '1', '0', '0', 0),
(28, 0, '', 'Eng. Marcu ', '', '', '', '', '', '', '1', '0', '1', 205),
(29, 1, 'M. Renner Maschinenbau GmbH', 'Wegberg (HSTD)', 'Oelschlägerstrasse 42', '', '', '41844', 'Wegberg', '0049- 02434-2226        ', '1', '0', '0', 0),
(30, 2, 'WTB Elektro GmbH', 'WTB (TDWL)', 'Neue Straße Abberode 25', '', '', '06343', 'Mansfeld', '034779 901-0', '1', '0', '0', 0),
(31, 6, 'ABU Hochbau GmbH', 'Brandenburg (ROCO)', 'Gotthardtwinkel 1', '', '', '14770', 'Brandenburg a.d.Havel', '0 3381 799357', '1', '0', '0', 0),
(32, 1, 'TamTec GmbH & Co. KG', 'TamTec (HSTD)', 'Hafenplatz 10', '', '', '19258', 'Boizenburg', '038847 636-50', '1', '0', '0', 0),
(33, 2, 'mib Märkische Ingenieur Bau GmbH', 'MIB-Berlin (TDWL)', 'Ratsstraße 7', '', '', '16269', 'Wriezen', '033456-370', '1', '0', '0', 0),
(34, 1, 'Thomas Dürmeier Stahl- und Maschinenbau GmbH', 'Polling (HSTD)', 'Heisting 1 ', '', '', '84570', 'Polling', '08638-887360', '1', '0', '0', 0),
(35, 0, '', 'Eng. Wagner', '', '', '', '', '', '', '1', '0', '1', 240),
(36, 7, 'Conex Baugesellschaft mbH', 'Conex Pistorius(Ro-Bau)', 'Am Stichkanal 25', '', '', '14167', 'Berlin', '030-8900069-0', '1', '0', '0', 0),
(37, 2, 'BEAG Berliner Elektro-Anlagenbau GmbH', 'BEAG (TDWL)', 'Orankestr. 19', '', '', '13053', 'Berlin', '030-9 81 95 13', '1', '0', '0', 0),
(38, 6, 'Koch GmbH Bauunternehmung', 'Koch Wuppertal (ROCO)', 'Ehrenberger Str. 37', '', '', '42389', 'Wuppertal', '0202-6070291', '1', '0', '0', 0),
(39, 2, 'BEAG Berliner Elektro-Anlagenbau GmbH', 'BEAG Schievelbeiner (TDWL)', '', '', '', '', '', '', '1', '0', '0', 0),
(40, 2, 'BEAG Berliner Elektro-Anlagenbau GmbH', 'BEAG Wesendorfer (TDWL)', '', '', '', '', '', '', '1', '0', '0', 0),
(41, 2, 'Jagemann GmbH', 'Jagemann (TDWL)', 'Industriestr. 8', '', '', '37136', 'Seulingen', '05507-96550', '1', '0', '0', 0),
(42, 7, 'Conex Baugesellschaft mbH', 'Conex Monbijou(Ro-Bau)', 'Am Stichkanal 25', '', '', '14167', 'Berlin', '030-8900069-0', '1', '0', '0', 0),
(43, 2, 'Elektro Lüdtke', 'Elektro Lüdtke (TDWL)', 'Am See 26', '', '', '18196', 'Göldenitz', '', '1', '0', '0', 0),
(44, 6, 'Christian Stark Bauunternehmen GmbH', 'Stark Burscheid (ROCO)', '', '', '', '', '', '', '1', '0', '0', 0),
(46, 9, 'Koch GmbH Bauunternehmung', 'Koch DB (Ro-Expert)', 'Ehrenberger Str. 37', '', '', '42389', 'Wuppertal', '0202-6070291', '1', '0', '0', 0),
(47, 0, '', 'Eng. Grigore', '', '', '', '', '', '', '1', '0', '1', 359),
(49, 9, 'Heinrich Stückemann GmbH', 'Stückemann (Ro-Expert)', 'Westerkappelner Str. 29-31', '', '', '49565', 'Bramsche-Achmer', '05461-945026', '1', '0', '0', 0),
(51, 6, 'Ingenieurbau Altmark GmbH', 'IBA Gatow (ROCO)', 'Stadtseeallee 1', '', '', '39576', 'Stendal', '03931 357340', '1', '0', '0', 0),
(50, 9, 'Ha Wo Haus- und Wohnungsbau GmbH', 'Ha Wo Lengede (Ro-Expert)', 'Graumannswinkel 4', '', '', '38268', 'Lengede Woltwiesche', '053446409', '1', '0', '0', 0),
(52, 2, 'Elektro Vößing GmbH & Co. KG', 'Elektro Vößing (TDWL)', 'Reuenberg 50', '', '', '45357', 'Essen', '0201-59 22 500', '1', '0', '0', 0),
(61, 2, 'BEAG Gartenstr.', 'BEAG Gartenstr. (TDWL)', 'Orankestr. 19', '', '', '13053', 'Berlin', '030-9 81 95 13', '1', '0', '0', 0),
(53, 2, 'R+S Solutions GmbH', 'R+S (TDWL)', 'Flemingstraße 20 -22', '', '', '36041', 'Fulda', '0661  500 80 - 0', '1', '0', '0', 0),
(54, 1, 'Tank & Stahlbau Abersfelder', 'Abersfelder (HSTD)', 'Industriestraße 6', '', '', '97795 ', 'Schondra-Schildeck', '09747  79-0', '1', '0', '0', 0),
(55, 2, 'Garvert Elektrobau GmbH & Co. KG', 'Garvert (TDWL)', 'Voßkamp 22', '', '', '46414', 'Rhede', '02872  80 760', '1', '0', '0', 0),
(56, 2, 'BEAG Potsdam', 'BEAG Potsdam (TDWL)', 'Orankestr. 19', '', '', '13053', 'Berlin', '030-9 81 95 13', '1', '0', '0', 0),
(57, 1, 'W+W Metalltechnik GmbH', 'W+W (HSTD)', 'Brückenstr. 3', '', '', '48477', 'Hörstel - Dreierwalde', '05978 9994-14', '1', '0', '0', 0),
(58, 9, 'Koch GmbH Bauunternehmung', 'Koch Am Eckbusch (Ro-Expert)', 'Ehrenberger Str. 37', '', '', '42389', 'Wuppertal', '0202-6070291', '1', '0', '0', 0),
(59, 2, 'BEAG Armenische Str.', 'BEAG Armenische Str.(TDWL)', 'Orankestr. 19', '', '', '13053', 'Berlin', '030-9 81 95 13', '1', '0', '0', 0),
(60, 1, 'Gustav Knippschild GmbH', 'Knippschild (HSTD)', 'Braastrasse 16', '', '', '31737', 'Rinteln', '05751 94 20 0', '1', '0', '0', 0),
(62, 2, 'BEAG Alboinhöfe', 'BEAG Alboinhöfe (TDWL)', 'Orankestr. 19', '', '', '13053', 'Berlin', '030-9 81 95 13', '1', '0', '0', 0),
(63, 0, '', 'Eng. Radulescu', '', '', '', '', '', '', '1', '0', '1', 475),
(64, 7, 'Garvert Elektrobau GmbH & Co. KG', 'Garvert Heddesheim (Ro-Bau)', 'Voßkamp 22', '', '', '46414', 'Rhede', '02872  80 760', '1', '0', '0', 0),
(65, 0, '', 'Eng. Popa Marius', '', '', '', '', '', '', '1', '0', '1', 436),
(66, 7, 'Garvert Elektrobau GmbH & Co. KG', 'Garvert Duisburg (Ro-Bau)', 'Voßkamp 22', '', '', '46414', 'Rhede', '02872  80 760', '1', '0', '0', 0),
(67, 2, 'BEAG Schönhauser', 'BEAG Schönhauser (TDWL)', 'Orankestr. 19', '', '', '13053', 'Berlin', '030-9 81 95 13', '1', '0', '0', 0),
(68, 1, 'H. Heidergott GmbH & Co. KG', 'Heidergott (HSTD)', 'Wolbecker Str. 55', '', '', '48231 ', 'Warendorf', '02581 7829-95', '1', '0', '0', 0),
(69, 1, 'Manfred Brandt Containerdienst', 'Brandt Containerdienst (HSTD)', 'Untere Leege 4', '', '', '37520 ', 'Osterode', '05522 2552', '1', '0', '0', 0),
(70, 6, 'IBA Baugesellschaft Leipzig mbH', 'IBA Schlaatzstr. (ROCO)', 'Stadtseeallee 1', '', '', '39576', 'Stendal', '03931 357477', '1', '0', '0', 0),
(71, 1, 'Bayer-Lenzen Stahlbau und angewandte Schweißtechnik GmbH', 'Lenzen (HSTD)', 'Peter Busch Straße 114', '', '', '41363 ', 'Jüchen - Hochneukirch', '02164 921611', '1', '0', '0', 0),
(72, 2, 'MPS Elektro-Anlagenbau GmbH', 'MPS (TDWL)', 'Mönchstr. 32', '', '', '34431 ', 'Marsberg', '02992  9716-0', '1', '0', '0', 0),
(73, 7, 'Rolf Böckmann Elektro-Service GmbH und Co.KG', 'Böckmann (Ro-Bau)', 'Kirchtor 24', '', '', '24601 ', 'Wankendorf', '0 43 26 13 53', '1', '0', '0', 0),
(74, 0, '', 'Eng. Gabel', '', '', '', '', '', '', '0', '0', '1', 521),
(75, 7, 'Garvert Elektrobau GmbH & Co. KG', 'Garvert Kö-Bogen (Ro-Bau)', 'Voßkamp 22', '', '', '46414', 'Rhede', '02872  80 760', '1', '0', '0', 0),
(76, 9, 'Ha Wo Haus- und Wohnungsbau GmbH', 'Ha Wo (Ro-Expert)', 'Graumannswinkel 4', '', '', '38268', 'Lengede Woltwiesche', '', '1', '0', '0', 0),
(77, 6, 'MIB Märkische Ingenieur Bau GmbH', 'MIB (ROCO)', 'Ratsstraße 7', '', '', '16269', 'Wriezen', '033456-370', '1', '0', '0', 0),
(78, 1, 'GERMOS-Fessmann GmbH & Co.KG', 'Germos (HSTD)', 'Eisenbahnstr. 30-34', '', '', '73630', 'Remshalden', '0 71 51  70 01 0', '1', '0', '0', 0),
(79, 2, 'Rolf Böckmann Elektro-Service GmbH und Co.KG', 'Böckmann-2 (TDWL)', 'Kirchtor 24', '', '', '24601 ', 'Wankendorf', '0 43 26 13 53', '1', '0', '0', 0),
(80, 2, 'GERMOS-Fessmann GmbH & Co.KG', 'Germos (TDWL)', 'Eisenbahnstr. 30-34', '', '', '73630', 'Remshalden', '0 71 51  70 01 0', '1', '0', '0', 0),
(81, 6, 'IBA Baugesellschaft Leipzig mbH', 'IBA Falkensee (ROCO)', 'Stadtseeallee 1', '', '', '39576', 'Stendal', '03931 357477', '1', '0', '0', 0),
(82, 7, 'Garvert Elektrobau GmbH & Co. KG', 'Garvert Ratingen (Ro-Bau)', 'Voßkamp', '', '', '46414', 'Rhede', '02872  80 760', '1', '0', '0', 0),
(83, 2, 'Gebäudetechnik Tenbusch GmbH', 'Tenbusch (TDWL)', 'Otto-Lilienthal-Str. 25 ', '', '', '46539 ', 'Dinslaken', '0 2064 42790', '1', '0', '0', 0),
(84, 2, 'MENGU Elektro-Heizung-und Sanitär', 'Mengu (TDWL)', 'Kronprinzenstr. 42', '', '', '47229', 'Duisburg', '02065 9491-0', '1', '0', '0', 0),
(85, 6, 'Ingenieurbau Altmark GmbH', 'IBA Elmshorn (ROCO)', 'Stadtseeallee 1', '', '', '39576', 'Stendal', '03931 357477', '1', '0', '0', 0),
(86, 6, 'IBA Baugesellschaft Leipzig mbH', 'IBA Fahrland (ROCO)', 'Stadtseeallee 1', '', '', '39576', 'Stendal', '03931 357340', '1', '0', '0', 0),
(87, 2, 'ESAtec Elektro- Starkstrom- Anlagentechnik GmbH', 'ESAtec (TDWL)', 'Krömmelbach 6', '', '', '36367', 'Wartenberg', '06641 - 91 24 38 - 0', '1', '0', '0', 0),
(88, 0, '', 'Eng. Cucos', '', '', '', '', '', '', '1', '0', '1', 693),
(89, 9, 'Koch GmbH Bauunternehmung', 'Koch Schwelm (Ro-Expert)', 'Ehrenberger Str. 37', '', '', '42389', 'Wuppertal', '0202-6070291', '1', '0', '0', 0),
(90, 2, 'Elektro Walter Böhme GmbH', 'Böhme (TDWL)', 'Haldener Straße 39', '', '', '58095 ', 'Hagen', '0 2331 78806-164', '1', '0', '0', 0),
(91, 7, 'Garvert Elektrobau GmbH & Co. KG', 'Garvert Neuss (Ro-Bau)', 'Voßkamp 22', '', '', '46414', 'Rhede', '02872  80 760', '1', '0', '0', 0),
(92, 2, 'Verfers Elektromontagen GmbH', 'Verfers (TDWL)', 'Klompstraße 42-44', '', '', '47551', 'Bedburg-Hau', '02821-89850', '1', '0', '0', 0),
(93, 2, 'ELOTEC Elektro Gellert GmbH', 'ELOTEC (TDWL)', 'Pfälzerstr. 39', '', '', '75177', 'Pforzheim', '07231-160710', '1', '0', '0', 0),
(94, 0, '', 'Eng. Caragheorgheopol', '', '', '', '', '', '', '1', '0', '1', 716),
(95, 9, 'Ingenieurbau Altmark GmbH', 'IBA Fahrland (Ro-Expert)', 'Stadtseeallee 1', '', '', '39576', 'Stendal', '03931 357340', '1', '0', '0', 0),
(96, 9, 'Ingenieurbau Altmark GmbH', 'IBA Eiche (Ro-Expert)', 'Stadtseeallee 1', '', '', '39576', 'Stendal', '03931 357340', '1', '0', '0', 0),
(97, 2, 'Elektro Dippel GmbH', 'Dippel (TDWL)', 'Bergstraße 2', '', '', '34630', 'Gilserberg', '06696-7161', '1', '0', '0', 0),
(98, 9, 'Ingenieurbau Altmark GmbH', 'IBA Glinde (Roconstruct)', 'Stadtseeallee', '', '', 'Stendal', '', '03931 357340', '1', '0', '0', 0),
(99, 15, 'HS Hallensysteme GmbH', 'HS Hallen', 'Holzbachstraße 8', 'Holzbachstraße', '8', '56249', 'Herschbach', '026267660', '1', '0', '0', 0),
(101, 15, 'Bayer Lenzen Stahlbau und angewandte Schweißtechnik GmbH', 'Lenzen', 'Peter Busch Straße 114', 'Peter Busch Straße', '114', '41363 ', 'Jüchen - Hochneukirch', '02164921611', '1', '0', '0', 0),
(103, 17, 'ELOTEC Elektro Gellert GmbH', 'Elotec', 'Pfälzerstr. 39', '', '', '75177', 'Pforzheim', '07231-160710', '1', '0', '0', 0),
(105, 17, 'Elektro Dippel GmbH', 'Dippel', 'Bergstraße 2', '', '', '34630', 'Gilserberg', '06696-7161', '1', '0', '0', 0),
(107, 23, 'Garvert Elektrobau GmbH & Co. KG', 'Garvert Germelsheim', 'Voßkamp 22', 'Voßkamp', '22', '46414', 'Rhede', '0287280760', '1', '0', '0', 0),
(109, 23, 'Garvert Elektrobau GmbH & Co. KG', 'Garvert Krefeld', 'Voßkamp 22', '', '', '46414', 'Rhede', '02872  80 760', '1', '0', '0', 0),
(111, 23, 'Garvert Elektrobau GmbH & Co. KG', 'Garvert Neuss', 'Voßkamp 22', '', '', '46414', 'Rhede', '02872  80 760', '1', '0', '0', 0),
(113, 23, 'Garvert Elektrobau GmbH & Co. KG', 'Garvert Hannover', 'Voßkamp 22', '', '', '46414', 'Rhede', '02872  80 760', '1', '0', '0', 0),
(115, 15, 'Gerhard Debus GmbH & Co. KG', 'Debus', 'Auf der Haide  21', 'Auf der Haide', '21', '35708', 'Haiger', '0277493390', '1', '0', '0', 0),
(117, 17, 'Gebäudetechnik Tenbusch GmbH', 'Tenbusch', 'Otto-Lilienthal-Str. 25 ', '', '', '46539 ', 'Dinslaken', '0 2064 42790', '1', '0', '0', 0),
(119, 17, 'Verfers Elektromontagen GmbH', 'Verfers', 'Klompstraße 42-44', 'Klompstraße', '42-44', '47551', 'Bedburg-Hau', '0282189850', '1', '0', '0', 0),
(121, 15, 'A. Bittner GmbH & Co. KG', 'Bittner', 'Kreisstraße 35', 'Kreisstraße', '35', '85410', 'Untermarchenbach', '0816769700', '1', '0', '0', 0),
(123, 17, 'Elektro-Planung GmbH', 'Elektro-Planung Garching', 'Mühlsteig 18a', '', '', '90579 ', ' Langenzenn', '09101  901818-0', '1', '0', '0', 0),
(125, 17, ' Elektro-Planung GmbH', 'Elektro-Planung Fürth', 'Mühlsteig 18a', '', '', '90579 ', 'Langenzenn', '09101  901818-0', '1', '0', '0', 0),
(127, 17, 'Elektro Zeller GmbH', 'Elektro Zeller', 'Adelheidstr. 39', '', '', '88046', 'Friedrichshafen', '07541-72 64 9', '1', '0', '0', 0),
(129, 23, 'Garvert Elektrobau GmbH & Co. KG', 'Garvert Baesweiler', 'Voßkamp 22', 'Voßkamp', '22', '46414', 'Rhede', '0287280760', '1', '0', '0', 0),
(131, 23, 'Garvert Elektrobau GmbH & Co. KG', 'Garvert Dornstadt', 'Voßkamp 22', '', '', '46414', 'Rhede', '02872  80 760', '1', '0', '0', 0),
(133, 17, 'Elektro-Planung GmbH', 'Elektro-Planung Gunzenhausen', 'Mühlsteig 18a', '', '', '90579', 'Langenzenn', '09101  901818-0', '1', '0', '0', 0),
(135, 23, 'Garvert Elektrobau GmbH & Co. KG', 'Garvert Bremen', 'Voßkamp', '', '', '46414', 'Rhede', '02872  80 760', '1', '0', '0', 0),
(137, 17, 'Verfers Elektromontagen GmbH', 'Verfers Essen', 'Klompstraße 42-44', 'Klompstraße', '42-44', '47551', 'Bedburg-Hau', '0282189850', '1', '0', '0', 0),
(139, 19, 'Helmut Hartmann GmbH', 'Hartmann', 'Gottfried-Nadler-Str. 2', '', '', '69493', 'Hirschberg', '06201 59 27 00', '1', '0', '0', 0),
(141, 17, 'Elektro-Planung GmbH', 'Elektro-Planung Amalienstraße', 'Mühlsteig 18a', '', '', '90579', 'Langenzenn', '09101  901818-0', '1', '0', '0', 0),
(143, 19, 'Dörnemann Elektro GmbH', 'Dörnemann', 'Am Stadion 44', 'Am Stadion', '44', '45659', 'Recklinghausen', '0236193400', '1', '0', '0', 0),
(145, 17, 'Söhnel Elektroanlagen GmbH', 'Söhnel Elektroanlagen ', 'Dr.-Gemeinhardt-Str. 5a', 'Dr.-Gemeinhardt-Str.', '5a', '04741', 'Roßwein', '034322666217', '1', '0', '0', 0),
(147, 17, 'Schaaf - Elektro GmbH', 'Schaaf Elektro', 'Dresdner Straße 30b', '', '', '04720', 'Döbeln', '03431  71783-0', '1', '0', '0', 0),
(151, 15, 'stG Anlagen und Maschinenbau GmbH & Co. KG	', 'stG Anlagen', 'Carl-Benz-Str. 3	', '', '', '57299 ', 'Burbach', '02736 4439-0', '1', '0', '0', 0),
(153, 15, 'Träger GmbH Stahl- und Blechbau', 'Träger', ' Rudolf-Diesel-Straße 13', '', '', '53859', 'Niederkassel', '0228 9453253', '1', '0', '0', 0),
(157, 17, 'Söhnel Elektroanlagen GmbH', 'Söhnel Feldberg', 'Dr.-Gemeinhardt-Str. 5a', 'Dr.-Gemeinhardt-Str.', '5a', '04741', 'Roßwein', '034322666217', '1', '0', '0', 0),
(155, 17, 'Garvert Elektrobau GmbH & Co. KG', 'Garvert Lahr', 'Voßkamp 22', 'Voßkamp', '22', '46414', 'Rhede', '0287280760', '1', '0', '0', 0),
(159, 17, 'Söhnel Elektroanlagen GmbH', 'Söhnel Am Hohen Hause', 'Dr.-Gemeinhardt-Str. 5a', 'Dr.-Gemeinhardt-Str.', '5a', '04741', 'Roßwein', '034322666217', '1', '0', '0', 0),
(161, 23, 'Lässig GmbH & Co. KG', 'Lässig St. Franziskus/Bergisch Gladbach', 'Hansemannstr. 14-18', 'Hansemannstr.', '14-18', '52511 ', 'Geilenkirchen', '0245162680', '1', '0', '0', 0),
(163, 17, 'Elektro Paul GmbH', 'Elektro Paul', 'Hettnerweg 17a', 'Hettnerweg', '17a', '13581', 'Berlin', '03035104059', '1', '0', '0', 0),
(165, 19, 'Maue Elektro Sanitär Heizung GmbH', 'Maue', 'Paten 2-4', 'Paten', '2-4', '49774', 'Lähden - Herßum', '05964934419', '1', '0', '0', 0),
(167, 17, 'Söhnel Elektroanlagen GmbH', 'Söhnel Memmingen', 'Dr.-Gemeinhardt-Str. 5a', 'Dr.-Gemeinhardt-Str.', '5a', '04741', 'Roßwein', '034322666217', '1', '0', '0', 0),
(219, 17, 'A. Dörnemann', 'A. Dörnemann Poco Düren', 'Am Stadion 44', '', '', '45659', 'Recklinghausen', '02361-93400', '1', '0', '0', 0),
(169, 19, 'Lässig GmbH & Co. KG', 'Lässig Siegburg', 'Hansemannstr. 14-18', '', '', '52511 ', 'Geilenkirchen', '02451 - 6268 - 0', '1', '0', '0', 0),
(171, 17, 'Garvert Elektrobau GmbH & Co. KG', 'Garvert Nürnberg Nastasa', 'Voßkamp 22', '', '', '46414', 'Rhede', '02872  80 760', '1', '0', '0', 0),
(173, 17, 'Elektro Meißner GmbH', 'Meißner', 'Osenauer Straße 4', 'Osenauer Straße', '4', '51519', 'Odenthal', '0220297630', '1', '0', '0', 0),
(175, 19, 'Lässig GmbH & Co. KG', 'Lässig Süchteln', 'Hansemannstr. 14-18', '', '', '52511 ', 'Geilenkirchen', '02451 - 6268 - 0', '1', '0', '0', 0),
(177, 19, 'Niebergall, Marx & Co. OHG', 'Niebergall', 'Borkumstraße 2', '', '', '13189', 'Berlin', '030 479906-42 ', '1', '0', '0', 0),
(179, 17, 'Söhnel Elektroanlagen GmbH', 'Söhnel Sindelfingen', 'Dr.-Gemeinhardt-Str. 5a', 'Dr.-Gemeinhardt-Str.', '5a', '04741', 'Roßwein', '034322666217', '1', '0', '0', 0),
(181, 19, 'Lässig GmbH & Co. KG', 'Lässig Weyertal', 'Hansemannstr. 14-18', '', '', '52511 ', 'Geilenkirchen', '02451 - 6268 - 0', '1', '0', '0', 0),
(183, 15, 'Johli Maschinenbau GmbH', 'Johli', 'Draisstr. 6', '', '', '74838 ', 'Limbach', '0 62 87 9 20 40', '1', '0', '0', 0),
(185, 19, 'Lässig GmbH & Co. KG', 'Lässig Bühler', 'Hansemannstr. 14-18', '', '', '52511', 'Geilenkirchen', '02451 - 6268 - 0', '1', '0', '0', 0),
(187, 21, 'Höft GmbH', 'Höft location(2016-2017)', 'Hauptstraße 38-40', 'Hauptstraße', '38', '04861', 'Torgau OT Mehderitzsch', '03421773030', '1', '0', '0', 0),
(189, 23, 'Söhnel Elektroanlagen GmbH', 'Söhnel Fellbach', 'Dr.-Gemeinhardt-Str. 5a', '', '', '04741', 'Roßwein', '034322 6662-17 ', '1', '0', '0', 0),
(191, 17, 'Elektro Paul GmbH', 'Elektro Paul Clayallee', 'Hettnerweg 17a', 'Hettnerweg', '17a', '13581', 'Berlin', '03035104059', '1', '0', '0', 0),
(193, 0, '', 'Eng. Tanase', '', '', '', '', '', '', '0', '0', '1', 1129),
(195, 23, 'Lässig GmbH & Co. KG', 'Lässig Medicos', 'Hansemannstr. 14-18', '', '', '52511', 'Geilenkirchen', '02451 - 6268 - 0', '1', '0', '0', 0),
(197, 23, 'Lässig GmbH & Co. KG', 'Lässig Johanniter', 'Hansemannstr. 14-18', '', '', '52511 ', 'Geilenkirchen', '02451 - 6268 - 0', '1', '0', '0', 0),
(199, 19, 'Elektro-Bau Dörfler GmbH', 'Dörfler', 'Daimler Str. 7', 'Daimler', '7', '44805 ', 'Bochum', '0234862529', '1', '0', '0', 0),
(217, 21, 'Stahltraum Metallbau GmbH', 'Stahltraum old', 'Lagerstr. 11', 'Lagerstr.', '11', '20357', 'Hamburg', '04043273803', '1', '0', '0', 0),
(201, 0, '', 'Eng. Balint', '', '', '', '', '', '', '0', '0', '1', 1123),
(203, 17, 'Elektro Beyer & Blank Haustechnik GmbH', 'Elektro Beyer', 'Siedlerstr. 21', '', '', '14548', 'Schwielowsee', '03327  559  63', '1', '0', '0', 0),
(205, 21, 'W-L-T Wärme-Luft-Technik GmbH', 'WLT', 'Waldstraße 71', '', '', '45661', 'Recklinghausen', '02361 64267', '1', '0', '0', 0),
(207, 19, 'Lässig GmbH & Co. KG', 'Lässig Aachen', 'Hansemannstr. 14-18', '', '', '52511 ', 'Geilenkirchen', '02451 - 6268 - 0', '1', '0', '0', 0),
(209, 23, 'Garvert Elektrobau GmbH & Co. KG', 'Garvert Mannheim', 'Voßkamp 22', '', '', '46414', 'Rhede', '02872  80 760', '1', '0', '0', 0),
(211, 17, 'Elektro-Planung GmbH', 'Elektro-Planung Volkswohl', 'Mühlsteig 18a', 'Mühlsteig ', '18A', '90579 ', 'Langenzenn', '091019018180', '1', '0', '0', 0),
(213, 23, 'Lässig GmbH & Co. KG', 'Lässig Malteser', 'Hansemannstr. 14-18', '', '', '52511 ', 'Geilenkirchen', '02451 - 6268 - 0', '1', '0', '0', 0),
(215, 19, 'Lässig GmbH & Co. KG', 'Lässig Kamp Lintfort', 'Hansemannstr. 14-18', '', '', '52511 ', 'Geilenkirchen', '02451 - 6268 - 0', '1', '0', '0', 0),
(221, 17, 'A. Dörnemann', 'A. Dörnemann Langenfeld', 'Am Stadion 44', '', '', '45659', 'Recklinghausen', '02361-93400', '1', '0', '0', 0),
(223, 23, 'Söhnel Elektroanlagen GmbH', 'Söhnel Krefeld', 'Dr.-Gemeinhardt-Str. 5a', 'Dr.-Gemeinhardt-Str.', '5a', '04741', 'Roßwein', '034322666217', '1', '0', '0', 0),
(225, 0, '', 'Eng. Pintea', '', '', '', '', '', '', '1', '0', '1', 1265),
(227, 17, 'Verfers Elektromontagen GmbH', 'Verfers Arnsberg', 'Klompstraße 42-44', 'Klompstraße', '42-44', '47551', 'Bedburg-Hau', '0282189850', '1', '0', '0', 0),
(229, 19, 'PM ElembH', 'PM Erbach', 'Siegener Straße 53', '', '', '65936', 'Frankfurt', '069-533376', '1', '0', '0', 0),
(231, 19, 'Elektro Seitz GmbH', 'Elektro Seitz', 'Adenauerring 4', 'Adenauerring', '4', '63808', 'Haibach', '0602168480', '1', '0', '0', 0),
(233, 19, 'Verfers Elektromontagen GmbH', 'Verfers Düsseldorf', 'Klompstraße 42-44', 'Klompstraße', '42-44', '47551', 'Bedburg-Hau', '0282189850', '1', '0', '0', 0),
(235, 23, 'Lässig GmbH & Co. KG', 'Lässig Schwerin', 'Hansemannstr. 14-18', '', '', '52511 ', 'Geilenkirchen', '02451 - 6268 - 0', '1', '0', '0', 0),
(237, 15, 'SCHMIEDL Metall- & Fördertechnik GmbH', 'SCHMIEDL Metall- & Fördertechnik GmbH', 'Kiesweg 19-21', 'Kiesweg', '19-21', '39291', 'Möser', '039222950413', '1', '0', '0', 0),
(239, 23, 'Garvert Elektrobau GmbH & Co. KG', 'Garvert Bad Rappenau', 'Voßkamp 22', 'Voßkamp', '22', '46414', 'Rhede', '0287280760', '1', '0', '0', 0),
(241, 23, 'Garvert Elektrobau GmbH & Co. KG', 'Garvert Gallin', 'Voßkamp 22', 'Voßkamp', '22', '46414', 'Rhede', '0287280760', '1', '0', '0', 0),
(243, 23, 'Garvert Elektrobau GmbH & Co. KG', 'Garvert Düsseldorf', 'Voßkamp 22', '', '', '46414', 'Rhede', '02872  80 760', '1', '0', '0', 0),
(245, 23, 'Lässig GmbH & Co. KG', 'Lässig Siegburg 2 (Neu)', 'Hansemannstr. 14-18', 'Hansemannstr.', '14-18', '52511 ', 'Geilenkirchen', '0245162680', '1', '0', '0', 0),
(247, 21, 'Müller Offenburg steeltec GmbH', 'Müller Offenburg steeltec GmbH', 'Englerstr. 4', '', '', '77652', 'Offenburg', '0781 794-0', '1', '0', '0', 0),
(249, 19, 'Elektro Böhm GmbH', 'Elektro Böhm GmbH', 'Carl-Benz-Straße 1', 'Carl-Benz-Straße', '1', '56276', 'Großmaischeid', '026899582080', '1', '0', '0', 0),
(251, 17, 'Verfers Elektromontagen GmbH', 'Verfers Geilenkirchen', 'Klompstraße 42-44', 'Klompstraße', '42-44', '47551', 'Bedburg-Hau', '0282189850', '1', '0', '0', 0),
(253, 15, 'Hermann GmbH Maschinenbau - Technologie', 'Hermann GmbH', 'Dr- Müller-Strasse 22', 'Dr.-Müller-Strasse', '22', '92637', 'Weiden', '09614708318', '1', '0', '0', 0),
(255, 19, 'Elektro Seitz GmbH', 'Elektro Seitz Oberursel', 'Adenauerring 4', 'Adenauerring', '4', '63808', 'Haibach', '0602168480', '1', '0', '0', 0),
(257, 19, 'Söhnel Elektroanlagen GmbH', 'Söhnel Wangen', 'Dr.-Gemeinhardt-Str. 5a', 'Dr.-Gemeinhardt-Str.', '5a', '04741', 'Roßwein', '034322666217', '1', '0', '0', 0),
(259, 29, 'Lässig GmbH & Co. KG', 'Lässig Aachen', 'Hansemannstr. 14-18', 'Hansemannstr.', '14-18', '52511 ', 'Geilenkirchen', '0245162680', '1', '0', '0', 0),
(261, 17, 'Söhnel Elektroanlagen GmbH', 'Söhnel Hamburg', 'Dr.-Gemeinhardt-Str. 5a', 'Dr.-Gemeinhardt-Str.', '5a', '04741', 'Roßwein', '034322666217', '1', '0', '0', 0),
(267, 19, 'Walter Hinnenberg & Co. Nachf. GmbH', 'Elektro Hinnenberg Kelkheim', 'Stielstraße 18', 'Stielstraße', '18', '65201', 'Wiesbaden', '49611260607', '1', '0', '0', 0),
(275, 23, 'Garvert Elektrobau GmbH & Co. KG', 'Garvert Kamp-Lintfort', 'Voßkamp 22', 'Voßkamp', '22', '46414', 'Rhede', '0287280760', '1', '0', '0', 0),
(273, 21, 'Lausitzer Stahlbau Ruhland GmbH', 'Lausitzer ', '', 'Dresdner Str.', '27A', '01945', 'Ruhland', '004935752380', '1', '0', '0', 0),
(269, 19, 'Walter Hinnenberg & Co. Nachf. GmbH', 'Elektro Hinnenberg Wiesbaden', 'Stielstraße 18', 'Stielstraße', '18', '65201', 'Wiesbaden', '49611260607', '1', '0', '0', 0),
(271, 29, 'Söhnel Elektroanlagen GmbH', 'Söhnel Stockach', 'Dr.-Gemeinhardt-Str. 5a', 'Dr.-Gemeinhardt-Str.', '5a', '04741', 'Roßwein', '034322666217', '1', '0', '0', 0),
(277, 23, 'Montageteam Westmünsterland GmbH & Co.KG', 'Montageteam Marl', 'Engelradingstr. 49', 'Engelradingstr.', '49', '46325', 'Borken', '01703730111', '1', '0', '0', 0),
(285, 29, 'Lässig GmbH & Co. KG', 'Lässig Eschweiler', '', 'Hansemannstr.', '14-18', '52511 ', 'Geilenkirchen', '0245162680', '1', '0', '0', 0),
(289, 0, '', 'Eng. Pecingina', '', '', '', '', '', '', '1', '0', '1', 1303),
(287, 17, 'Söhnel Elektroanlagen GmbH', 'Sohnel Bochum', 'Dr.-Gemeinhardt-Str. 5a', 'Dr.-Gemeinhardt-Str.', '5a', '04741', 'Roßwein', '034322666217', '1', '0', '0', 0),
(293, 0, '', 'Eng. Popovici', '', '', '', '', '', '', '0', '0', '1', 1517),
(291, 23, 'Montageteam Westmünsterland GmbH & Co.KG', 'Montageteam Köln', '', 'Engelradingstr.', '49', '46325', 'Borken', '01703730111', '1', '0', '0', 0),
(295, 19, 'Verfers Elektromontagen GmbH', 'Verfers Grevenbroich', 'Klompstraße 42-44', 'Klompstraße', '42-44', '47551', 'Bedburg-Hau', '0282189850', '1', '0', '0', 0),
(297, 0, '', 'Eng. Popa', '', '', '', '', '', '', '0', '0', '1', 1557),
(299, 19, 'Elektro Vereecke GmbH & Co. KG', 'Viptec Gleuel', '', 'Rudolf-Disel-Straße', '1', '53879', 'Euskirchen', '00491803837332', '1', '0', '0', 0),
(301, 17, 'NAT Neuberger Anlagen-Technik AG', 'Nat Leipzig', '', 'Angerstrasse', '32', '04177', 'Leipzig', '0813151740', '1', '0', '0', 0),
(305, 29, 'ELEKTRO FISCHER BERLIN GMBH INDUSTRIE- UND SCHALTANLAGEN', 'Elektro Fischer Berlin', '', 'Straße vor Schönholz', '14a', '13158', 'Berlin', '0302005360', '1', '0', '0', 0),
(325, 17, 'ELECTRO DURING SERVICE GMBH', 'Electro During Bergkirchen', '', 'Jenaer Str.', '78', '99099', 'Erfurt', '0049361349580', '1', '0', '0', 0),
(307, 19, 'Verfers Elektromontagen GmbH', 'Verfers Düsseldorf Schauspielhaus', 'Klompstraße 42-44', 'Klompstraße', '42-44', '47551', 'Bedburg-Hau', '0282189850', '1', '0', '0', 0),
(309, 17, 'Söhnel Elektroanlagen GmbH', 'Söhnel Boll Emsbüren', 'Dr.-Gemeinhardt-Str. 5a', 'Dr.-Gemeinhardt-Str.', '5a', '04741', 'Roßwein', '034322666217', '1', '0', '0', 0),
(311, 19, 'Verfers Elektromontagen GmbH', 'Verfers Essen Ruhrtalstrasse', 'Klompstraße 42-44', 'Klompstraße', '42-44', '47551', 'Bedburg-Hau', '0282189850', '1', '0', '0', 0),
(313, 21, 'Stahltraum Metallbau GmbH', 'Stahltraum', '', 'Lagerstr.', '11', '20357', 'Hamburg', '04043273803', '1', '0', '0', 0),
(317, 29, 'UESA GmbH', 'UESA GmbH ', '', 'Doberluger Str.', '52', '04938', 'Uebigau-Wahrenbrück', '00491723795369', '1', '0', '0', 0),
(315, 21, 'Hermann GmbH Maschinenbau - Technologie', 'Hermann', '', 'Dr.-Müller-Strasse', '22', '92637', 'Weiden', '09614708318', '1', '0', '0', 0),
(319, 17, 'Söhnel Elektroanlagen GmbH', 'Söhnel Kupferzell', 'Dr.-Gemeinhardt-Str. 5a', 'Dr.-Gemeinhardt-Str.', '5a', '04741', 'Roßwein', '034322666217', '1', '0', '0', 0),
(321, 19, 'Rittershofer Elektro GmbH', 'Rittershofer Heilbronn', '', 'Großklamm', '5', '76287', 'Rheinstetten', '0721517484', '1', '0', '0', 0),
(323, 15, 'NORTMANN GmbH', 'Nortmann GmbH', '', 'Schmiedestr.', '3b', '49757', 'Werlte', '059519939922', '1', '0', '0', 0),
(327, 19, 'Verfers Elektromontagen GmbH', 'Verfers Bielefeld', 'Klompstraße 42-44', 'Klompstraße', '42-44', '47551', 'Bedburg-Hau', '0282189850', '1', '0', '0', 0),
(329, 17, 'Elektro-Lange Energie- u. Alarmanlagen', 'Elektro-Lange Mozartstrasse', '', 'Salzstraße', '27', '29303', 'Bergen - OT Sülze', '050548500', '1', '0', '0', 0),
(331, 15, 'Hennes Stahl und Anlagenbau GmbH', 'Hennes', '', 'Brentanostraße', '6', '64646', 'Heppenheim', '00496252933150', '1', '0', '0', 0),
(333, 19, 'Rittershofer Elektro GmbH', 'Rittershofer Elektro GmbH', '', 'Großklamm', '5', '76287', 'Rheinstetten', '0721517484', '1', '0', '0', 0),
(335, 19, 'Walter Hinnenberg & Co. Nachf. GmbH', 'Walter Hinnenberg GmbH', '', 'Stielstraße', '18', '65201', 'Wiesbaden', '49611260607', '0', '0', '0', 0),
(337, 17, 'Söhnel Elektroanlagen GmbH', 'Söhnel Köln-Niehl', 'Dr.-Gemeinhardt-Str. 5a', 'Dr.-Gemeinhardt-Str.', '5a', '04741', 'Roßwein', '034322666217', '1', '0', '0', 0),
(339, 15, 'Höft GmbH', 'Höft GmbH', '', 'Hauptstraße', '38', '04861', 'Torgau OT Mehderitzsch', '03421773030', '1', '0', '0', 0),
(341, 21, 'HSR Speckhahn Stahl- u. Maschinenbau GmbH', 'Speckhahn', '', 'Bahnhofstraße', '7-9', '29378', 'Wittingen-Radenbeck', '058369700', '1', '0', '0', 0),
(343, 19, 'Ehlen GmbH', 'Ehlen Allgäu', '', 'Dachsbühl', '8', '72135', 'Dettenhausen', '004907157523873', '1', '0', '0', 0),
(345, 23, 'Elektro Josef Beckers GmbH', 'Elektro J. Beckers Babor Curve', '', 'Geilenkirchener', '14-16', '52477', 'Alsdorf', '00492404674327', '1', '0', '0', 0),
(347, 23, 'Elektro Josef Beckers GmbH', 'Elektro J. Beckers RWTH', '', 'Geilenkirchener', '14-16', '52477', 'Alsdorf', '00492404674327', '1', '0', '0', 0),
(349, 19, 'KASCH Industrieservice Elektrotechnick GmbH', 'Kasch Rottenburg', '', 'August-Bebel-Str.', '16', '72072', 'Tübingen', '004970719205330', '1', '0', '0', 0),
(351, 17, 'Elektro-Wagner OHG', 'Elektro Wagner OHG', '', 'Kilianstr.', '116', '90425', 'Nürnberg', '0049911350040', '1', '0', '0', 0),
(353, 23, '', 'Elektro Trier GmbH', '', '', '', '', '', '', '1', '0', '0', 0),
(355, 15, 'Metallbau Werner GmbH & Co. KG', 'Werner', '', 'Waldstr.', '43', '79206', 'Breisach', '07667906790', '1', '0', '0', 1123),
(357, 17, 'Söhnel Elektroanlagen GmbH', 'Söhnel DHL Bochum', 'Dr.-Gemeinhardt-Str. 5a', 'Dr.-Gemeinhardt-Str.', '5a', '04741', 'Roßwein', '034322666217', '1', '0', '0', 0),
(359, 15, 'PMB Paintner Maschinenbau GmbH', 'PMB Herrngiersdorf', '', 'Sittelsdorf', '33', '84097', 'Herrngiersdorf', '0049878596010', '1', '0', '0', 0),
(365, 29, 'KASCH Industrieservice Elektrotechnick GmbH', 'Kasch Tübingen', '', 'August-Bebel-Str.', '16', '72072', 'Tübingen', '004970719205330', '1', '0', '0', 0),
(363, 17, 'Elektro Schulz Service GmbH', 'Elektro Schulz - Nordholz', '', 'Im Steinviertel', '18-20', '27607', 'Geestland  OT Langen', '004947438432', '1', '0', '0', 0),
(367, 23, 'Christof König - Elektrotechnik', 'Lahoma Hamburg', '', 'Max-Reger-Str', '15a', '95682', 'Brand', '00499236968808', '1', '0', '0', 0),
(369, 23, 'Elektro Müller GmbH', 'Elektro Müller Podbi Hannover', '', 'Steinweg', '11', '38444', 'Wolfsburg', '00495365941414', '1', '0', '0', 0),
(371, 15, '', 'MMB Metallbau', '', '', '', '', '', '', '1', '1', '0', 0),
(373, 19, '', 'ETS Königs', '', '', '', '', '', '', '1', '1', '0', 0),
(375, 27, '', 'Thoma Elektrosteuerungsanlagen', '', '', '', '', '', '', '1', '1', '0', 0),
(377, 19, '', 'Esa Tec', '', '', '', '', '', '', '1', '1', '0', 0),
(379, 19, 'Elektro Priebe GmbH & Co KG', 'Priebe Friedrichshafen', '', 'Resedenweg', '1', '88046', 'Friedrichshafen', '0049754153630', '1', '0', '0', 0),
(381, 29, 'R.I.E.MPP MAG GmbH', 'R.I.E.MPP Heilbronn', '', 'Nürtinger', '78', '72644', 'Oberboihingen', '004970226080', '1', '0', '0', 0),
(383, 23, 'Fritz Grove Elektro GmbH', 'Fritz Grove Kleefeld Hannover', '', 'Sallstr.', '15', '30171', 'Hannover', '0049511282077', '1', '1', '0', 0),
(385, 15, 'A. Bittner GmbH & Co. KG', 'A. Bittner', 'Kreisstraße 35', 'Kreisstraße', '35', '85410', 'Untermarchenbach', '0816769700', '0', '0', '0', 0),
(387, 19, 'Verfers Elektromontagen GmbH', 'Verfers Finanzamt Bielefeld', 'Klompstraße 42-44', 'Klompstraße', '42-44', '47551', 'Bedburg-Hau', '0282189850', '1', '0', '0', 0),
(389, 23, '', 'Riebesecker', '', '', '', '', '', '', '1', '1', '0', 0),
(391, 19, '', 'Seitz', '', '', '', '', '', '', '1', '1', '0', 0),
(393, 23, '', 'Viptec Alsdorf', '', '', '', '', '', '', '1', '1', '0', 0),
(395, 17, '', 'Söhnel Leipzig', '', '', '', '', '', '', '1', '1', '0', 0),
(397, 19, 'Verfers Elektromontagen GmbH', 'Verfers Weeze', 'Klompstraße 42-44', 'Klompstraße', '42-44', '47551', 'Bedburg-Hau', '0282189850', '1', '0', '0', 0),
(399, 19, 'Verfers Elektromontagen GmbH', 'Verfers Wedemark', 'Klompstraße 42-44', 'Klompstraße', '42-44', '47551', 'Bedburg-Hau', '0282189850', '1', '0', '0', 0),
(401, 29, 'Verfers Elektromontagen GmbH', 'Verfers Neuss', 'Klompstraße 42-44', 'Klompstraße', '42-44', '47551', 'Bedburg-Hau', '0282189850', '1', '0', '0', 0),
(403, 29, 'Verfers Elektromontagen GmbH', 'Verfers Alpen', 'Klompstraße 42-44', 'Klompstraße', '42-44', '47551', 'Bedburg-Hau', '0282189850', '1', '0', '0', 0),
(405, 23, 'UESA GmbH', 'UESA', '', 'Doberluger Str.', '52', '04938', 'Uebigau-Wahrenbrück', '00491723795369', '1', '0', '0', 0),
(407, 23, 'Söhnel Elektroanlagen GmbH', 'Söhnel Schwetzingen', 'Dr.-Gemeinhardt-Str. 5a', 'Dr.-Gemeinhardt-Str.', '5a', '04741', 'Roßwein', '034322666217', '1', '0', '0', 0),
(413, 19, 'Verfers Elektromontagen GmbH', 'Verfers Solingen', 'Klompstraße 42-44', 'Klompstraße', '42-44', '47551', 'Bedburg-Hau', '0282189850', '1', '0', '0', 0),
(409, 19, 'Verfers Elektromontagen GmbH', 'Verfers Krefeld', 'Klompstraße 42-44', 'Klompstraße', '42-44', '47551', 'Bedburg-Hau', '0282189850', '1', '0', '0', 0),
(411, 29, 'R.I.E.MPP MAG GmbH', 'R.I.E.MPP Neckarsulm', '', 'Nürtinger', '78', '72644', 'Oberboihingen', '004970226080', '1', '0', '0', 0),
(415, 15, 'uemet GmbH', 'UEMET', '', 'Gewerbepark-Nord', '9', '04938', 'Uebigau-Wahrenbrück', '03536544990', '1', '0', '0', 0),
(417, 23, 'Söhnel Elektroanlagen GmbH', 'Söhnel Darmstadt', 'Dr.-Gemeinhardt-Str. 5a', 'Dr.-Gemeinhardt-Str.', '5a', '04741', 'Roßwein', '034322666217', '1', '0', '0', 0),
(419, 29, 'ELEKTRO FISCHER BERLIN GMBH INDUSTRIE- UND SCHALTANLAGEN', 'Elektro Fischer Schönefeld', '', 'Straße vor Schönholz', '14a', '13158', 'Berlin', '0302005360', '1', '0', '0', 0),
(421, 23, 'Elektro Seitz GmbH', 'Seitz Jahnstrasse', 'Adenauerring 4', 'Adenauerring', '4', '63808', 'Haibach', '0602168480', '1', '0', '0', 0),
(-1, 0, 'Eng.Balance Transfer 2017-09', 'Eng.Balance Transfer 2017-09', '', '', '', '', '', '', '1', '0', '0', 0),
(423, 23, 'Oskar Sudermann Elektroanlagen GmbH', 'Oskar Sudermann Büsum Lighthouse', '', 'Wilhelm-Stein-Weg', '26', '22339', 'Hamburg', '040555660300', '1', '0', '0', 0),
(425, 0, '', 'Eng. Bica', '', '', '', '', '', '', '0', '0', '1', 1841),
(427, 29, 'Verfers Elektromontagen GmbH', 'Verfers Bad Homburg', 'Klompstraße 42-44', 'Klompstraße', '42-44', '47551', 'Bedburg-Hau', '0282189850', '1', '0', '0', 0),
(429, 15, 'Metallbau K.-H. Diehl GmbH', 'Metallbau KH Diehl', '', 'Alsbergweg', '10', '56479', 'Rehe', '0266499330', '1', '0', '0', 0),
(431, 29, 'Schneider Elektro GmbH', 'Schneider Manderscheid', '', 'Raiffeisenstr.', '17', '54340', 'Bekond', '065022637', '1', '0', '0', 0),
(433, 19, 'Verfers Elektromontagen GmbH', 'Verfers Düsseldorf Flinger Broich', 'Klompstraße 42-44', 'Klompstraße', '42-44', '47551', 'Bedburg-Hau', '0282189850', '1', '0', '0', 0),
(435, 17, 'Beier Systeme GmbH', 'Beier Systeme Berlin', '', 'Gottlieb-Dunkel-Straße', '25', '12099', 'Berlin', '493098322485', '1', '0', '0', 0),
(437, 29, 'Verfers Elektromontagen GmbH', 'Verfers Kevelaer', 'Klompstraße 42-44', 'Klompstraße', '42-44', '47551', 'Bedburg-Hau', '0282189850', '1', '0', '0', 0),
(439, 19, 'Verfers Elektromontagen GmbH', 'Verfers Moers', 'Klompstraße 42-44', 'Klompstraße', '42-44', '47551', 'Bedburg-Hau', '0282189850', '1', '0', '0', 0),
(441, 29, 'Verfers Elektromontagen GmbH', 'Verfers Essen 2', 'Klompstraße 42-44', 'Klompstraße', '42-44', '47551', 'Bedburg-Hau', '0282189850', '1', '1', '0', 0),
(443, 29, 'Verfers Elektromontagen GmbH', 'Verfers Düsseldorf2', 'Klompstraße 42-44', 'Klompstraße', '42-44', '47551', 'Bedburg-Hau', '0282189850', '1', '1', '0', 0),
(445, 29, 'Elektro Kreutzpointner GmbH', 'Kreutzpointner Volkstheater München', '', 'Burgkirchener Str.', '3', '84489', 'Burghausen', '086778703252', '1', '1', '0', 0),
(447, 17, 'Söhnel Elektroanlagen GmbH', 'Söhnel ToysRUs Walsrode', 'Dr.-Gemeinhardt-Str. 5a', 'Dr.-Gemeinhardt-Str.', '5a', '04741', 'Roßwein', '034322666217', '1', '0', '0', 0),
(451, 17, 'Söhnel Elektroanlagen GmbH', 'Söhnel Kamen Küchen', 'Dr.-Gemeinhardt-Str. 5a', 'Dr.-Gemeinhardt-Str.', '5a', '04741', 'Roßwein', '034322666217', '1', '0', '0', 0),
(453, 19, 'Verfers Elektromontagen GmbH', 'Verfers Euskirchen', 'Klompstraße 42-44', 'Klompstraße', '42-44', '47551', 'Bedburg-Hau', '0282189850', '1', '0', '0', 0),
(509, 19, 'Elektro Brehm GmbH', 'Brehm Alzenau', '', 'Am Neuen Berg', '9', '63755', 'Alzenau i.UFr.', '0602397260', '1', '0', '0', 0),
(455, 29, 'Electro Sistem Deutschland GmbH', 'Electro Sistem Geesthacht', '', 'Ritter-von-Geissler-Str.', '5', '67256', 'Weisenheim am Sand', '063539597950', '1', '0', '0', 0),
(515, 17, 'LF Elektro GmbH', 'LF Elektro Carre Berlin', '', 'Oberer Bahnhof ', '16', '09456', 'Annaberg-Buchholz', '037335968 14', '1', '0', '0', 0),
(457, 19, 'Verfers Elektromontagen GmbH', 'Verfers Werdohl', 'Klompstraße 42-44', 'Klompstraße', '42-44', '47551', 'Bedburg-Hau', '0282189850', '1', '0', '0', 0),
(459, 29, 'Söhnel Elektroanlagen GmbH', 'Söhnel Neu-Isenburg', 'Dr.-Gemeinhardt-Str. 5a', 'Dr.-Gemeinhardt-Str.', '5a', '04741', 'Roßwein', '034322666217', '1', '0', '0', 0),
(461, 29, 'Söhnel Elektroanlagen GmbH', 'Söhnel Jungingen', 'Dr.-Gemeinhardt-Str. 5a', 'Dr.-Gemeinhardt-Str.', '5a', '04741', 'Roßwein', '034322666217', '1', '0', '0', 0),
(493, 21, 'A. Bittner GmbH & Co. KG', 'Bittner Untermachenbach', 'Kreisstraße 35', 'Kreisstraße', '35', '85410', 'Untermarchenbach', '0816769700', '1', '0', '0', 0),
(463, 29, 'Elektro-Müller GmbH', 'Müller Arnsberg', '', 'Walter-Rathenau-Ring', '6-8', '59581', 'Warstein', '0290297210', '1', '0', '0', 0),
(465, 23, 'Oskar Sudermann Elektroanlagen GmbH', 'Oskar Sudermann Geesthacht', '', 'Wilhelm-Stein-Weg', '26', '22339', 'Hamburg', '040555660300', '1', '0', '0', 0),
(467, 23, 'Behrendt GmbH', 'Courtyard Hamburg', '', 'Bunsenstraße', '6', '21365', 'Adendorf', '04131189146', '1', '0', '0', 0),
(471, 17, '', 'Böing Bochum', '', '', '', '', '', '', '1', '1', '0', 0),
(469, 19, 'SPIE Buchmann GmbH', 'SPIE Homburg', '', 'Niederlosheimer Straße', '85', '66679', 'Losheim am See', '0687290260', '1', '0', '0', 0),
(473, 17, '', 'Böing Gelsenkirchen', '', '', '', '', '', '', '1', '1', '0', 0),
(475, 23, 'Elektro Müller GmbH', 'Müller Wolfsburg', '', 'Steinweg', '11', '38444', 'Wolfsburg', '00495365941414', '1', '0', '0', 0),
(477, 23, 'Elektro Müller GmbH', 'Müller ahfs Hamburg', '', 'Steinweg', '11', '38444', 'Wolfsburg', '00495365941414', '1', '0', '0', 0),
(479, 21, '', 'Stahlbau Nießen GmbH', '', '', '', '', '', '', '1', '1', '0', 0),
(481, 29, '', 'Finsterwalde', '', '', '', '', '', '', '1', '1', '0', 0),
(483, 29, '', 'Zeka', '', '', '', '', '', '', '1', '1', '0', 0),
(485, 0, '', 'Prospective clients', '', '', '', '', '', '', '1', '1', '1', 0),
(487, 0, '', 'Eng. Pool', '', '', '', '', '', '', '0', '0', '1', 0),
(489, 29, 'Söhnel Elektroanlagen GmbH', 'Söhnel Mannheim', 'Dr.-Gemeinhardt-Str. 5a', 'Dr.-Gemeinhardt-Str.', '5a', '04741', 'Roßwein', '034322666217', '1', '0', '0', 0),
(491, 29, 'Elektro Kreutzpointner GmbH', 'Kreutzpointner München', '', 'Burgkirchener Str.', '3', '84489', 'Burghausen', '086778703252', '0', '0', '0', 0),
(495, 29, 'Schneider Elektro GmbH', 'Schneider Trier', '', 'Raiffeisenstr.', '17', '54340', 'Bekond', '065022637', '1', '0', '0', 0),
(517, 23, '', 'SCC Wolfsburg', '', '', '', '', '', '', '1', '1', '0', 0),
(499, 23, 'Hermes Systeme GmbH', 'Hermes Hamburg', '', 'Visbeker Straße', '55', '27793', 'Wildeshausen', '0443193600', '1', '0', '0', 0),
(501, 17, 'Söhnel Elektroanlagen GmbH', 'Söhnel Frankfurt', 'Dr.-Gemeinhardt-Str. 5a', 'Dr.-Gemeinhardt-Str.', '5a', '04741', 'Roßwein', '034322666217', '1', '0', '0', 0),
(503, 17, 'Söhnel Elektroanlagen GmbH', 'Söhnel Mücke-Atzenhain', 'Dr.-Gemeinhardt-Str. 5a', 'Dr.-Gemeinhardt-Str.', '5a', '04741', 'Roßwein', '034322666217', '0', '0', '0', 0),
(505, 17, '', 'Kirchberger Prospect', '', '', '', '', '', '', '1', '1', '0', 0),
(507, 17, '', 'Elektro Hirsch SudMetall Prsopect', '', '', '', '', '', '', '1', '1', '0', 0),
(511, 19, 'EBA Elektro-, Bau- und Anlagentechnik GmbH', 'EBA Leipzig Premier Inn', '', 'Pittlerstr.', '28', '04159', 'Leipzig', '0341462787911', '1', '0', '0', 0),
(513, 19, 'Zeiss Jena', 'Zeiss Jena', '', 'Dorfstr.', '39A', '15898', 'Neuzelle', '033656418868', '1', '0', '0', 0),
(519, 17, 'Elektro Meißner GmbH', 'Meißner Düsseldorf', 'Osenauer Straße 4', 'Osenauer Straße', '4', '51519', 'Odenthal', '0220297630', '1', '0', '0', 0),
(521, 19, 'Verfers Elektromontagen GmbH', 'Verfers Dortmund', 'Klompstraße 42-44', 'Klompstraße', '42-44', '47551', 'Bedburg-Hau', '0282189850', '1', '0', '0', 0),
(523, 19, 'K+B E-Tech GmbH & Co. KG', 'Kappenberger Hof', '', 'Barbaraweg', '2', '93413', 'Cham', '499971393144', '1', '0', '0', 0),
(525, 23, 'Elektro Meißner GmbH', 'Meißner Berlin', 'Osenauer Straße 4', 'Osenauer Straße', '4', '51519', 'Odenthal', '0220297630', '0', '0', '0', 0),
(527, 17, '', 'Meißner Köln Moxy', '', '', '', '', '', '', '0', '1', '0', 0),
(529, 17, '', 'F.I. Elektro Teplice', '', '', '', '', '', '', '1', '1', '0', 0),
(531, 17, '', 'Elektromechanik Torgelow Hamburg', '', '', '', '', '', '', '0', '1', '0', 0),
(533, 19, 'Schneider Elektro GmbH', 'Schneider Universität Trier', '', 'Raiffeisenstr.', '17', '54340', 'Bekond', '065022637', '1', '0', '0', 0),
(535, 19, 'Elektro Seitz GmbH', 'Seitz Kleinostheim', 'Adenauerring 4', 'Adenauerring', '4', '63808', 'Haibach', '0602168480', '0', '0', '0', 0),
(537, 19, 'Verfers Elektromontagen GmbH', 'Verfers Essen Huyssenallee', 'Klompstraße 42-44', 'Klompstraße', '42-44', '47551', 'Bedburg-Hau', '0282189850', '0', '0', '0', 0),
(539, 19, '', 'Bolocan München', '', '', '', '', '', '', '0', '1', '0', 0),
(541, 23, 'Oskar Sudermann Elektroanlagen GmbH', 'Oskar Sudermann Simon-von-Utrecht', '', 'Wilhelm-Stein-Weg', '26', '22339', 'Hamburg', '040555660300', '1', '0', '0', 0),
(543, 19, '', 'esa Elektroschaltanlagen GmbH', '', '', '', '', '', '', '0', '1', '0', 0),
(545, 17, '', ' Elektroinstallation Jörg Krause GmbH Schönefeld', '', '', '', '', '', '', '0', '1', '0', 0),
(547, 23, 'Oskar Sudermann Elektroanlagen GmbH', 'Oskar Sudermann Kegelbahn', '', 'Wilhelm-Stein-Weg', '26', '22339', 'Hamburg', '040555660300', '1', '1', '0', 0),
(549, 23, 'Elektro Müller GmbH', 'Müller Wolfsburg Steimker Gärten', '', 'Steinweg', '11', '38444', 'Wolfsburg', '00495365941414', '0', '0', '0', 0),
(551, 29, 'Söhnel Elektroanlagen GmbH', 'Söhnel Villingen-Schwenningen', 'Dr.-Gemeinhardt-Str. 5a', 'Dr.-Gemeinhardt-Str.', '5a', '04741', 'Roßwein', '034322666217', '0', '0', '0', 0),
(553, 23, 'Verfers Elektromontagen GmbH', 'Verfers Essen Hauptstraße ', 'Klompstraße 42-44', 'Klompstraße', '42-44', '47551', 'Bedburg-Hau', '0282189850', '1', '0', '0', 0),
(555, 23, '', 'Schweriner Elektroinstallation Hamburg', '', '', '', '', '', '', '1', '1', '0', 0),
(557, 23, '', 'Cherier Leipzig', '', '', '', '', '', '', '1', '1', '0', 0),
(559, 19, '', 'Söhnel Rügen', '', '', '', '', '', '', '1', '1', '0', 0),
(561, 27, '', 'Söhnel Tiefbau', '', '', '', '', '', '', '1', '1', '0', 0),
(563, 23, 'Oskar Sudermann Elektroanlagen GmbH', 'Oskar Sudermann REWE', '', 'Wilhelm-Stein-Weg', '26', '22339', 'Hamburg', '040555660300', '1', '0', '0', 0),
(565, 17, 'Antennenbau Lindemann GmbH & Co. KG', 'Lindemann Seelze', '', 'Gustav-Ricker-Str.', '62', '39120', 'Magdeburg', '03916287713', '1', '0', '0', 0),
(566, 19, 'Elektro Müller GmbH', 'Müller Hannover', '', 'Steinweg', '11', '38444', 'Wolfsburg', '00495365941414', '0', '0', '0', 0),
(567, 23, 'Elektro Barth GmbH', 'Barth Bremen', '', 'Heideweg 2', '2', '01619', 'Zeithain', '017615104603', '1', '0', '0', 0),
(568, 19, 'Verfers Elektromontagen GmbH', 'Verfers Bochum', 'Klompstraße 42-44', 'Klompstraße', '42-44', '47551', 'Bedburg-Hau', '0282189850', '1', '0', '0', 0),
(569, 19, 'Plümer Systemtechnik GmbH', 'Plümer Coswig', '', 'An der Prießnitzaue', '12 A', '01067', 'Dresden', '03512681751', '0', '0', '0', 0),
(570, 23, '', 'HMR REWE', '', '', '', '', '', '', '0', '1', '0', 0),
(571, 19, 'Verfers Elektromontagen GmbH', 'Verfers Münster', 'Klompstraße 42-44', 'Klompstraße', '42-44', '47551', 'Bedburg-Hau', '0282189850', '0', '0', '0', 0),
(572, 23, 'Elektro Meißner GmbH', 'Meißner Holiday Inn', 'Osenauer Straße 4', 'Osenauer Straße', '4', '51519', 'Odenthal', '0220297630', '0', '0', '0', 0),
(573, 23, 'Verfers Elektromontagen GmbH', 'Verfers Moers Bethanienstraße', 'Klompstraße 42-44', 'Klompstraße', '42-44', '47551', 'Bedburg-Hau', '0282189850', '0', '0', '0', 0),
(574, 17, '', 'NAT Halle', '', '', '', '', '', '', '0', '1', '0', 0),
(575, 23, '', 'ONT Glinde', '', '', '', '', '', '', '0', '0', '0', 0);

--
-- Indexes for dumped tables
--

--
-- Indexes for table `form_employees`
--
ALTER TABLE `form_employees` ADD FULLTEXT KEY `name` (`name`);
ALTER TABLE `form_employees` ADD FULLTEXT KEY `vorname` (`vorname`);

/*!40101 SET CHARACTER_SET_CLIENT=@OLD_CHARACTER_SET_CLIENT */;
/*!40101 SET CHARACTER_SET_RESULTS=@OLD_CHARACTER_SET_RESULTS */;
/*!40101 SET COLLATION_CONNECTION=@OLD_COLLATION_CONNECTION */;
